-- phpMyAdmin SQL Dump
-- version 3.4.11.1deb2+deb7u8
-- http://www.phpmyadmin.net
--
-- Host: localhost
-- Czas wygenerowania: 29 Maj 2017, 17:09
-- Wersja serwera: 5.5.55
-- Wersja PHP: 5.5.38-1~dotdeb+7.1

SET SQL_MODE="NO_AUTO_VALUE_ON_ZERO";
SET time_zone = "+00:00";


/*!40101 SET @OLD_CHARACTER_SET_CLIENT=@@CHARACTER_SET_CLIENT */;
/*!40101 SET @OLD_CHARACTER_SET_RESULTS=@@CHARACTER_SET_RESULTS */;
/*!40101 SET @OLD_COLLATION_CONNECTION=@@COLLATION_CONNECTION */;
/*!40101 SET NAMES utf8 */;

--
-- Baza danych: `d14_kukiz_krzysztof`
--

-- --------------------------------------------------------

--
-- Struktura tabeli dla tabeli `ankieta_ksiazki`
--

CREATE TABLE IF NOT EXISTS `ankieta_ksiazki` (
  `id` int(11) NOT NULL AUTO_INCREMENT,
  `wiek` tinyint(4) NOT NULL,
  `miejscowosc` tinyint(4) NOT NULL,
  `plec` tinyint(4) NOT NULL,
  `ileKs` tinyint(4) NOT NULL,
  PRIMARY KEY (`id`)
) ENGINE=InnoDB  DEFAULT CHARSET=utf8 COLLATE=utf8_polish_ci AUTO_INCREMENT=25 ;

--
-- Zrzut danych tabeli `ankieta_ksiazki`
--

INSERT INTO `ankieta_ksiazki` (`id`, `wiek`, `miejscowosc`, `plec`, `ileKs`) VALUES
(1, 1, 1, 1, 1),
(2, 1, 2, 1, 3),
(3, 1, 1, 1, 1),
(4, 7, 2, 2, 4),
(5, 1, 1, 1, 1),
(6, 1, 1, 1, 1),
(7, 1, 1, 1, 1),
(8, 1, 1, 1, 1),
(9, 1, 1, 1, 1),
(10, 1, 1, 1, 1),
(11, 1, 1, 1, 1),
(12, 3, 1, 2, 1),
(13, 3, 1, 2, 1),
(14, 4, 1, 2, 1),
(15, 5, 1, 2, 1),
(16, 1, 1, 1, 2),
(17, 1, 1, 2, 3),
(18, 1, 1, 2, 3),
(19, 1, 1, 2, 2),
(20, 1, 1, 2, 3),
(21, 1, 1, 2, 4),
(22, 2, 1, 2, 4),
(23, 2, 1, 1, 1),
(24, 1, 1, 1, 1);

-- --------------------------------------------------------

--
-- Struktura tabeli dla tabeli `ankPlace`
--

CREATE TABLE IF NOT EXISTS `ankPlace` (
  `id` int(11) NOT NULL AUTO_INCREMENT,
  `wiek` int(11) NOT NULL,
  `plec` varchar(1) COLLATE utf8_polish_ci NOT NULL,
  `avg_placa` int(11) NOT NULL,
  PRIMARY KEY (`id`)
) ENGINE=InnoDB  DEFAULT CHARSET=utf8 COLLATE=utf8_polish_ci AUTO_INCREMENT=6 ;

--
-- Zrzut danych tabeli `ankPlace`
--

INSERT INTO `ankPlace` (`id`, `wiek`, `plec`, `avg_placa`) VALUES
(1, 3, 'k', 3),
(2, 18, 'm', 2500),
(3, 18, 'm', 2500),
(4, 18, 'k', 2500),
(5, 1800, 'k', 2500);

-- --------------------------------------------------------

--
-- Struktura tabeli dla tabeli `bd_cat_przy`
--

CREATE TABLE IF NOT EXISTS `bd_cat_przy` (
  `cat_przy_id` int(11) NOT NULL AUTO_INCREMENT,
  `cat_przy_name` text CHARACTER SET utf8 COLLATE utf8_bin NOT NULL,
  PRIMARY KEY (`cat_przy_id`)
) ENGINE=InnoDB  DEFAULT CHARSET=latin1 ROW_FORMAT=COMPACT AUTO_INCREMENT=2 ;

--
-- Zrzut danych tabeli `bd_cat_przy`
--

INSERT INTO `bd_cat_przy` (`cat_przy_id`, `cat_przy_name`) VALUES
(1, 'Przychody');

-- --------------------------------------------------------

--
-- Struktura tabeli dla tabeli `bd_cat_wyd`
--

CREATE TABLE IF NOT EXISTS `bd_cat_wyd` (
  `cat_wyd_id` int(11) NOT NULL AUTO_INCREMENT,
  `cat_wyd_name` text CHARACTER SET utf8 COLLATE utf8_bin NOT NULL,
  PRIMARY KEY (`cat_wyd_id`)
) ENGINE=InnoDB  DEFAULT CHARSET=latin1 ROW_FORMAT=COMPACT AUTO_INCREMENT=5 ;

--
-- Zrzut danych tabeli `bd_cat_wyd`
--

INSERT INTO `bd_cat_wyd` (`cat_wyd_id`, `cat_wyd_name`) VALUES
(1, 'Mieszkanie'),
(2, 'Ubezbieczenie'),
(3, 'Transport'),
(4, 'Subskrypcje');

-- --------------------------------------------------------

--
-- Struktura tabeli dla tabeli `bd_chil_przy`
--

CREATE TABLE IF NOT EXISTS `bd_chil_przy` (
  `chil_przy_id` int(11) NOT NULL AUTO_INCREMENT,
  `cat_przy_id` int(11) NOT NULL,
  `name` text CHARACTER SET utf8 COLLATE utf8_bin NOT NULL,
  `value` text CHARACTER SET utf8 COLLATE utf8_bin NOT NULL,
  PRIMARY KEY (`chil_przy_id`)
) ENGINE=InnoDB  DEFAULT CHARSET=latin1 AUTO_INCREMENT=3 ;

--
-- Zrzut danych tabeli `bd_chil_przy`
--

INSERT INTO `bd_chil_przy` (`chil_przy_id`, `cat_przy_id`, `name`, `value`) VALUES
(1, 1, 'Praca', '5000'),
(2, 1, 'Zasiłek', '744');

-- --------------------------------------------------------

--
-- Struktura tabeli dla tabeli `bd_chil_wyd`
--

CREATE TABLE IF NOT EXISTS `bd_chil_wyd` (
  `chil_wyd_id` int(11) NOT NULL AUTO_INCREMENT,
  `cat_wyd_id` int(11) NOT NULL,
  `name` text CHARACTER SET utf8 COLLATE utf8_bin NOT NULL,
  `value` text CHARACTER SET utf8 COLLATE utf8_bin NOT NULL,
  PRIMARY KEY (`chil_wyd_id`)
) ENGINE=InnoDB  DEFAULT CHARSET=latin1 AUTO_INCREMENT=9 ;

--
-- Zrzut danych tabeli `bd_chil_wyd`
--

INSERT INTO `bd_chil_wyd` (`chil_wyd_id`, `cat_wyd_id`, `name`, `value`) VALUES
(1, 1, 'Woda', '500'),
(2, 2, 'Zdrowotne', '120'),
(3, 3, 'Benzyna', '450'),
(4, 2, 'Mieszkanie', '190'),
(5, 2, 'Auto', '210'),
(6, 4, 'Spotify', '590'),
(7, 4, 'Internet', '210'),
(8, 4, 'twitch', '1337');

-- --------------------------------------------------------

--
-- Struktura tabeli dla tabeli `filFilmy`
--

CREATE TABLE IF NOT EXISTS `filFilmy` (
  `filID` int(11) NOT NULL AUTO_INCREMENT,
  `filTytul` varchar(50) COLLATE utf8_polish_ci NOT NULL,
  `rezID` varchar(25) COLLATE utf8_polish_ci NOT NULL,
  `filRokProd` year(4) NOT NULL,
  `gatID` varchar(15) COLLATE utf8_polish_ci NOT NULL,
  `filCzasTr` time NOT NULL,
  PRIMARY KEY (`filID`)
) ENGINE=InnoDB  DEFAULT CHARSET=utf8 COLLATE=utf8_polish_ci AUTO_INCREMENT=48 ;

--
-- Zrzut danych tabeli `filFilmy`
--

INSERT INTO `filFilmy` (`filID`, `filTytul`, `rezID`, `filRokProd`, `gatID`, `filCzasTr`) VALUES
(1, 'Johnny English Reaktywacja', '1', 2011, '1', '01:28:00'),
(2, 'Ghost Rider', '2', 2007, '2', '01:54:00'),
(3, 'Straszny Film 5', '3', 2013, '1', '01:26:00'),
(4, 'Wielka Ucieczka', '4', 1963, '3', '02:52:00'),
(5, 'Weekend', '5', 2011, '1', '01:55:00'),
(6, 'Lśnienie', '6', 1980, '4', '02:26:00'),
(7, 'Zielona Mila', '7', 1999, '5', '03:08:00'),
(8, 'Avatar', '8', 2009, '6', '02:42:00'),
(9, 'Titanic', '8', 1997, '7', '03:14:00'),
(10, 'Seksmisja', '9', 1983, '1', '01:56:00'),
(11, 'Niesamowity Spider Man', '10', 2012, '6', '02:16:00'),
(12, 'Niesamowity Spider Man 2', '10', 2014, '6', '02:22:00'),
(13, 'The Ring', '11', 2002, '4', '01:55:00'),
(14, 'Matrix', '12', 1999, '2', '02:16:00'),
(15, 'Ja Robot', '13', 2004, '6', '01:55:00'),
(16, 'Skazani na Shawshank', '7', 1995, '5', '02:22:00'),
(17, 'Ojciec chrzestny', '14', 1972, '5', '02:55:00'),
(18, 'Nietykalni', '15', 2011, '5', '01:52:00'),
(19, 'Forrest Gump', '16', 1994, '5', '02:22:00'),
(20, 'Mordercza Opona', '17', 2010, '4', '01:25:00'),
(21, 'Niezniszczalni', '18', 2010, '2', '01:43:00'),
(22, 'Rambo: Pierwsza Krew', '19', 1982, '2', '01:33:00'),
(23, 'Grawitacja', '20', 2013, '5', '01:30:00'),
(24, 'Igrzyska śmierci', '21', 2012, '2', '02:22:00'),
(25, 'Szybcy i Wsciekli 6', '22', 2013, '2', '02:10:00'),
(26, 'Strzelec', '23', 2007, '8', '02:04:00'),
(27, 'Obecność', '24', 2013, '4', '01:52:00'),
(28, 'Niezniszczalni 3', '25', 2014, '2', '02:06:00'),
(29, 'Przyczajony tygrys ukryty smok', '26', 2000, '9', '02:00:00'),
(30, 'Mamma mia', '27', 2008, '10', '01:58:32'),
(31, 'Agent XXL', '28', 2000, '1', '01:38:05'),
(32, 'Miasto 44', '29', 2014, '3', '02:10:12'),
(33, 'Zostań jeżli kochasz', '30', 2014, '5', '01:46:36'),
(34, 'Xmen', '31', 2000, '6', '01:04:00'),
(35, 'Naga Bron', '32', 1988, '1', '01:25:00'),
(36, 'Zabojcza Bron', '33', 1987, '1', '01:50:00'),
(37, 'Szklana Pulapka', '34', 1988, '2', '02:11:00'),
(38, 'Szybcy i wściekli 5', '22', 2011, '2', '02:10:00'),
(39, 'Ali G Indahouse', '35', 2002, '1', '01:28:00'),
(40, 'Mordercze klowny z kosmosu', '36', 1988, '1', '01:28:00'),
(41, 'Jesteś Bogiem', '37', 2012, '11', '02:04:00'),
(42, '1', '2', 2003, '4', '00:00:05'),
(43, 'testowy film', '37', 2017, '6', '01:23:00'),
(44, 'Kozacki film', '32', 2137, '2', '02:05:00'),
(45, '', '', 0000, '', '00:00:00'),
(46, '', '', 0000, '', '00:00:00'),
(47, '', '', 0000, '', '00:00:00');

-- --------------------------------------------------------

--
-- Struktura tabeli dla tabeli `filGatunek`
--

CREATE TABLE IF NOT EXISTS `filGatunek` (
  `gatID` int(11) NOT NULL AUTO_INCREMENT,
  `gatNazwa` varchar(20) COLLATE utf8_polish_ci DEFAULT NULL,
  PRIMARY KEY (`gatID`)
) ENGINE=InnoDB  DEFAULT CHARSET=utf8 COLLATE=utf8_polish_ci AUTO_INCREMENT=16 ;

--
-- Zrzut danych tabeli `filGatunek`
--

INSERT INTO `filGatunek` (`gatID`, `gatNazwa`) VALUES
(1, 'Komedia'),
(2, 'Akcja'),
(3, 'Wojenny'),
(4, 'Horror'),
(5, 'Dramat'),
(6, 'Sci-Fi'),
(7, 'Melodramat'),
(8, 'Sensacyjny'),
(9, 'Fantasy'),
(10, 'Musical'),
(11, 'Biograficzny'),
(12, 'Obyczajowy'),
(13, 'Familijny'),
(14, '12'),
(15, '15');

-- --------------------------------------------------------

--
-- Struktura tabeli dla tabeli `filKlient`
--

CREATE TABLE IF NOT EXISTS `filKlient` (
  `klID` int(11) NOT NULL AUTO_INCREMENT,
  `klImie` varchar(20) COLLATE utf8_polish_ci NOT NULL,
  `klNazwisko` varchar(30) COLLATE utf8_polish_ci NOT NULL,
  `klWiek` tinyint(4) NOT NULL,
  PRIMARY KEY (`klID`)
) ENGINE=InnoDB  DEFAULT CHARSET=utf8 COLLATE=utf8_polish_ci AUTO_INCREMENT=18 ;

--
-- Zrzut danych tabeli `filKlient`
--

INSERT INTO `filKlient` (`klID`, `klImie`, `klNazwisko`, `klWiek`) VALUES
(1, 'Grzegorz', 'brzeszczeszcykiewicz', 21),
(2, 'Damian', 'Jakiś tam', 37),
(3, 'Kacper', 'Kacper', 4),
(4, 'Marcin', 'Marcin', 6),
(5, 'Weekend', 'Cezary Pazura', 0),
(6, 'Łukasz', 'Gumiński', 55),
(7, 'Maciej', 'Czajkowski', 28),
(8, 'Dawid', 'Gierojewski', 13),
(9, 'Krzysztof', 'Araszkiewicz', 12),
(10, 'Patryk', 'Czerniak', 18),
(11, '1', '3', 3),
(12, '1', '2', 3),
(13, 'g', '3', 5),
(14, '$imie', '$nazwisko', 0),
(15, 'kristof', 'kristof', 0),
(16, '1', '22', 3),
(17, '1', '22', 33);

-- --------------------------------------------------------

--
-- Struktura tabeli dla tabeli `filRezyser`
--

CREATE TABLE IF NOT EXISTS `filRezyser` (
  `rezID` int(11) NOT NULL AUTO_INCREMENT,
  `rezImie` varchar(20) COLLATE utf8_polish_ci DEFAULT NULL,
  `rezNazwisko` varchar(30) COLLATE utf8_polish_ci DEFAULT NULL,
  `rezDataUrodzenia` date DEFAULT NULL,
  PRIMARY KEY (`rezID`)
) ENGINE=InnoDB  DEFAULT CHARSET=utf8 COLLATE=utf8_polish_ci AUTO_INCREMENT=42 ;

--
-- Zrzut danych tabeli `filRezyser`
--

INSERT INTO `filRezyser` (`rezID`, `rezImie`, `rezNazwisko`, `rezDataUrodzenia`) VALUES
(5, 'Cezary', 'Pazura', '1962-06-13'),
(6, 'Stanley', 'Kubrick', '1928-07-26'),
(7, 'Frank', 'Darabont', '1959-01-28'),
(8, 'James', 'Cameron', '1954-08-16'),
(9, 'Juliusz', 'Machulski', '1955-03-10'),
(10, 'Marc', 'Webb', '1974-08-11'),
(11, 'Gore', 'Verbinski', '1964-03-16'),
(12, 'Andy', 'Wachowski', '1967-12-29'),
(13, 'Alex', 'Proyas', '1963-09-23'),
(14, '13', ' Edytuj', '0000-00-00'),
(15, 'Olivier', 'Nakache', '1973-04-14'),
(16, 'Robert', 'Zemeckis', '1952-05-14'),
(17, 'Quentin', 'Dupieux', '1974-04-14'),
(18, 'Sylvester', 'Stallone', '1946-07-06'),
(19, 'Ted', 'Kotcheff', '1931-04-07'),
(20, 'Alfonso', 'Cuaron', '1961-11-28'),
(21, 'Francis', 'Lawrence', '1971-03-26'),
(22, 'Justin', 'Lin', '1973-05-13'),
(23, 'Antoine', 'Fuqua', '1966-01-19'),
(24, 'James', 'Wan', '1977-02-27'),
(25, 'Patrick', 'Hughes', '1969-05-22'),
(26, 'Ang', 'Lee', '1954-02-12'),
(27, 'Phyllidy', 'Lloyd', '1957-03-13'),
(28, 'Raja', 'Gosnell', '1958-05-01'),
(29, 'Jan', 'Komasa', '1981-04-30'),
(30, 'R.J.', 'Cutler', '1961-11-10'),
(31, 'Bryan', 'Singer', '1965-09-17'),
(32, 'David', ' Zucker', '1947-10-16'),
(33, 'Richard', 'Schwartzberg', '1930-04-24'),
(34, 'John', 'McTiernan', '1951-01-08'),
(35, 'Mark', 'Mylod', '1979-11-03'),
(36, 'Stephen', 'Chiodo', '1957-02-12'),
(37, 'Leszek', 'Dawid', '1971-03-00'),
(38, 'Roman', 'Polański', '1933-08-18'),
(39, 'Andrew', 'Wachowski', '1967-12-29'),
(40, '13', '23', '1111-11-11'),
(41, '1', '1', '0000-00-00');

-- --------------------------------------------------------

--
-- Struktura tabeli dla tabeli `filWypozyczenia`
--

CREATE TABLE IF NOT EXISTS `filWypozyczenia` (
  `wypID` int(11) NOT NULL AUTO_INCREMENT,
  `wypDataWyp` date NOT NULL,
  `wypDataOddania` date NOT NULL,
  `filID` int(11) NOT NULL,
  `klID` int(11) NOT NULL,
  PRIMARY KEY (`wypID`)
) ENGINE=InnoDB  DEFAULT CHARSET=utf8 COLLATE=utf8_polish_ci AUTO_INCREMENT=15 ;

--
-- Zrzut danych tabeli `filWypozyczenia`
--

INSERT INTO `filWypozyczenia` (`wypID`, `wypDataWyp`, `wypDataOddania`, `filID`, `klID`) VALUES
(1, '2014-10-10', '2014-10-15', 1, 2),
(2, '2014-10-07', '2014-10-08', 2, 2),
(3, '2014-10-05', '2014-10-08', 3, 1),
(4, '2014-09-10', '2014-09-25', 1, 5),
(5, '2014-10-02', '2014-10-02', 7, 1),
(6, '2014-10-10', '2014-10-10', 23, 1),
(7, '2014-10-15', '2014-10-22', 20, 6),
(8, '2014-10-01', '2014-10-22', 1, 7),
(9, '2014-10-11', '2014-10-13', 40, 10),
(10, '2014-10-15', '2014-10-18', 38, 1),
(11, '2014-10-11', '2014-10-11', 20, 2),
(12, '2014-10-11', '2014-10-13', 1, 1),
(13, '2014-10-10', '2014-10-13', 20, 5),
(14, '0000-00-00', '0000-00-00', 0, 0);

-- --------------------------------------------------------

--
-- Zastąpiona struktura widoku `IT_pytania_view`
--
CREATE TABLE IF NOT EXISTS `IT_pytania_view` (
`id` int(11)
,`tresc` text
,`odpa` text
,`odpb` text
,`odpc` text
,`odpd` text
,`answer` text
,`obraz` int(11)
,`kategoria` text
,`rok` text
);
-- --------------------------------------------------------

--
-- Zastąpiona struktura widoku `komis`
--
CREATE TABLE IF NOT EXISTS `komis` (
`ids` double
,`marka` tinytext
,`model` tinytext
,`rocznik` double
,`typ` tinytext
,`drzwi` double
,`silnik` tinytext
,`pojemnosc` double
,`przebieg` bigint(20)
,`cenas` double
);
-- --------------------------------------------------------

--
-- Struktura tabeli dla tabeli `kontakty`
--

CREATE TABLE IF NOT EXISTS `kontakty` (
  `znajomi_id` int(11) NOT NULL AUTO_INCREMENT,
  `imie` varchar(15) COLLATE utf8_polish_ci DEFAULT NULL,
  `nazwisko` varchar(30) COLLATE utf8_polish_ci DEFAULT NULL,
  `telefon` int(11) DEFAULT NULL,
  `mail` varchar(50) COLLATE utf8_polish_ci DEFAULT NULL,
  PRIMARY KEY (`znajomi_id`)
) ENGINE=InnoDB  DEFAULT CHARSET=utf8 COLLATE=utf8_polish_ci AUTO_INCREMENT=2 ;

--
-- Zrzut danych tabeli `kontakty`
--

INSERT INTO `kontakty` (`znajomi_id`, `imie`, `nazwisko`, `telefon`, `mail`) VALUES
(1, 'krzysztf', 'kukiz', 666666666, 'kukizk@gmail.com');

-- --------------------------------------------------------

--
-- Struktura tabeli dla tabeli `k_dane`
--

CREATE TABLE IF NOT EXISTS `k_dane` (
  `Id_k` int(3) DEFAULT NULL,
  `Nazwisko` varchar(14) CHARACTER SET utf8 DEFAULT NULL,
  `Imie` varchar(11) CHARACTER SET utf8 DEFAULT NULL,
  `Wzrost` int(3) DEFAULT NULL,
  `Nazwa_sieci` varchar(7) CHARACTER SET utf8 DEFAULT NULL,
  `Wiek` int(2) DEFAULT NULL,
  `Symbol_woj` varchar(2) CHARACTER SET utf8 DEFAULT NULL
) ENGINE=MyISAM DEFAULT CHARSET=ucs2 COLLATE=ucs2_polish_ci;

--
-- Zrzut danych tabeli `k_dane`
--

INSERT INTO `k_dane` (`Id_k`, `Nazwisko`, `Imie`, `Wzrost`, `Nazwa_sieci`, `Wiek`, `Symbol_woj`) VALUES
(1, 'Adamczuk', 'Magdalena', 147, 'Hejka', 69, 'G '),
(2, 'Adamczyk', 'Urszula', 177, 'Citrone', 41, 'S '),
(3, 'Adamowicz', 'Jakub', 183, 'Multi', 34, 'T '),
(4, 'Anielska', 'Ewelina', 152, 'Erka', 34, 'N '),
(5, 'Antoniuk', 'Izabela', 172, 'Citrone', 36, 'P '),
(6, 'Arciszewski', 'Piotr', 165, 'Multi', 29, 'Z '),
(7, 'Awacka', 'Izabela', 183, 'Hejka', 58, 'W '),
(8, 'Babul', 'Julia', 143, 'Citrone', 33, 'O '),
(9, 'Barańczuk', 'Adam', 174, 'Hejka', 78, 'R '),
(10, 'Bartnik', 'Anna', 143, 'Citrone', 46, 'P '),
(11, 'Bartoszewicz', 'Michał', 183, 'Erka', 76, 'G '),
(12, 'Bielecki', 'Grzegorz', 165, 'Erka', 60, 'S '),
(13, 'Bielonko', 'Sylwia', 163, 'Citrone', 74, 'T '),
(14, 'Biendzio', 'Ernest', 153, 'Erka', 35, 'D '),
(15, 'Bieryło', 'Sylwia', 172, 'Hejka', 33, 'C '),
(16, 'Bobowik', 'Maria', 144, 'Hejka', 61, 'L '),
(17, 'Bobrowska', 'Karolina', 153, 'Erka', 63, 'F '),
(18, 'Bojanowska', 'Iwona', 142, 'Hejka', 46, 'E '),
(19, 'Borowska', 'Elżbieta', 183, 'Hejka', 79, 'K '),
(20, 'Borowska', 'Anna', 147, 'Hejka', 57, 'K '),
(21, 'Borowski', 'Adam', 153, 'Multi', 29, 'W '),
(22, 'Borsztejn', 'Marek', 190, 'Multi', 48, 'W '),
(23, 'Bruczko', 'Anna', 155, 'Citrone', 42, 'K '),
(24, 'Bruszewska', 'Izabela', 141, 'Citrone', 79, 'W '),
(25, 'Budnik', 'Katarzyna', 179, 'Citrone', 41, 'D '),
(26, 'Bujda', 'Małgorzata', 162, 'Hejka', 46, 'C '),
(27, 'Buraczewska', 'Marta', 155, 'Citrone', 69, 'L '),
(28, 'Busma', 'Sebastian', 179, 'Citrone', 61, 'F '),
(29, 'Choruży', 'Iwona', 142, 'Erka', 29, 'D '),
(30, 'Chudecki', 'Wiesław', 160, 'Multi', 75, 'N '),
(31, 'Chudy', 'Piotr', 179, 'Hejka', 46, 'C '),
(32, 'Ciereszko', 'Julia', 185, 'Erka', 43, 'P '),
(33, 'Cylwik', 'Magdalena', 151, 'Hejka', 71, 'Z '),
(34, 'Czajewska', 'Marta', 179, 'Erka', 67, 'G '),
(35, 'Czarnecka', 'Ewelina', 161, 'Multi', 35, 'S '),
(36, 'Czuż', 'Urszula', 162, 'Hejka', 64, 'G '),
(37, 'Danielski', 'Piotr', 162, 'Erka', 48, 'S '),
(38, 'Dąbrowska', 'Ewa', 165, 'Citrone', 36, 'G '),
(39, 'Deptuła', 'Paweł', 195, 'Hejka', 29, 'S '),
(40, 'Dojlidko', 'Anna', 156, 'Hejka', 58, 'G '),
(41, 'Dymnicka', 'Ewelina', 187, 'Citrone', 61, 'G '),
(42, 'Dzięgielewska', 'Barbara', 186, 'Multi', 79, 'G '),
(43, 'Falkowski', 'Tomasz', 157, 'Citrone', 42, 'C '),
(44, 'Fiedorowicz', 'Wojciech', 159, 'Hejka', 78, 'L '),
(45, 'Fiedoruk', 'Krzysztof', 143, 'Citrone', 60, 'F '),
(46, 'Fiedoruk', 'Grzegorz', 182, 'Multi', 69, 'D '),
(47, 'Frankowski', 'Adrian', 152, 'Multi', 60, 'Z '),
(48, 'Gabińska', 'Karolina', 179, 'Multi', 45, 'W '),
(49, 'Garncarz', 'Zbigniew', 153, 'Erka', 74, 'O '),
(50, 'Gawkowski', 'Piotr', 175, 'Hejka', 67, 'R '),
(51, 'Gąsowski', 'Łukasz', 185, 'Erka', 48, 'P '),
(52, 'Gilewska', 'Dorota', 190, 'Citrone', 32, 'G '),
(53, 'Glebowicz', 'Kamil', 181, 'Citrone', 41, 'S '),
(54, 'Głowacka', 'Kamila', 146, 'Multi', 72, 'T '),
(55, 'Gogiel', 'Adrian', 148, 'Citrone', 70, 'D '),
(56, 'Gołębiewski', 'Michał', 150, 'Hejka', 73, 'C '),
(57, 'Grądzki', 'Wacław', 160, 'Erka', 36, 'L '),
(58, 'Grochowski', 'Adam', 140, 'Citrone', 35, 'F '),
(59, 'Gruszewicz', 'Magdalena', 171, 'Multi', 42, 'E '),
(60, 'Grygolec', 'Marek', 163, 'Multi', 61, 'D '),
(61, 'Haas', 'Mateusz', 172, 'Hejka', 39, 'Z '),
(62, 'Hajduczenia', 'Katarzyna', 174, 'Hejka', 37, 'W '),
(63, 'Hościłowicz', 'Piotr', 185, 'Erka', 43, 'D '),
(64, 'Hryniewicz', 'Anna', 190, 'Erka', 65, 'Z '),
(65, 'Hrynkiewicz', 'Agnieszka', 173, 'Hejka', 30, 'W '),
(66, 'Instyński', 'Tomasz', 184, 'Multi', 40, 'D '),
(67, 'Iwaniuk', 'Anna', 161, 'Erka', 30, 'Z '),
(68, 'Iwaszczuk', 'Andrzej', 162, 'Hejka', 56, 'W '),
(69, 'Jakoniuk', 'Agnieszka', 162, 'Multi', 49, 'W '),
(70, 'Jakubowski', 'Łukasz', 175, 'Erka', 38, 'W '),
(71, 'Janasz', 'Michał', 145, 'Erka', 63, 'W '),
(72, 'Jankowska', 'Justyna', 185, 'Hejka', 64, 'W '),
(73, 'Jankowski', 'Marek', 186, 'Hejka', 43, 'W '),
(74, 'Jaromin', 'Jacek', 179, 'Erka', 34, 'D '),
(75, 'Jaros', 'Anna', 188, 'Hejka', 31, 'Z '),
(76, 'Jasiński', 'Marcin', 152, 'Erka', 51, 'W '),
(77, 'Jasiukiewicz', 'Elwira', 177, 'Multi', 29, 'D '),
(78, 'Jefimiuk', 'Krzysztof', 164, 'Erka', 49, 'Z '),
(79, 'Jeżewska', 'Magdalena', 187, 'Erka', 63, 'W '),
(80, 'Juchnicka', 'Emilia', 159, 'Multi', 62, 'D '),
(81, 'Jusiński', 'Michał', 178, 'Hejka', 60, 'Z '),
(82, 'Jusińska', 'Małgorzata', 145, 'Multi', 45, 'W '),
(83, 'Kaczor', 'Urszula', 147, 'Multi', 28, 'W '),
(84, 'Kalata', 'Tomasz', 187, 'Hejka', 36, 'W '),
(85, 'Kalinowski', 'Konrad', 172, 'Multi', 73, 'S '),
(86, 'Kamińska', 'Agnieszka', 158, 'Erka', 55, 'T '),
(87, 'Kanadys', 'Grzegorz', 175, 'Multi', 64, 'N '),
(88, 'Karolko', 'Bartosz', 166, 'Erka', 49, 'P '),
(89, 'Karpowicz', 'Marian', 186, 'Citrone', 48, 'Z '),
(90, 'Karwowska', 'Katarzyna', 186, 'Citrone', 72, 'W '),
(91, 'Kaziński', 'Konrad', 157, 'Erka', 49, 'O '),
(92, 'Kieda', 'Justyna', 142, 'Hejka', 43, 'R '),
(93, 'Kiełcz', 'Patrycja', 159, 'Erka', 76, 'P '),
(94, 'Kimsza', 'Marta', 154, 'Citrone', 74, 'G '),
(95, 'Kirejczyk', 'Ewelina', 160, 'Hejka', 40, 'S '),
(96, 'Kirmuć', 'Urszula', 159, 'Multi', 56, 'T '),
(97, 'Klimaszewska', 'Klara', 156, 'Citrone', 78, 'D '),
(98, 'Kobeszko', 'Maciej', 140, 'Multi', 43, 'C '),
(99, 'Kobeszko', 'Emilia', 159, 'Hejka', 55, 'L '),
(100, 'Kochańska', 'Barbara', 189, 'Citrone', 71, 'F '),
(101, 'Kochańska', 'Magdalena', 150, 'Citrone', 76, 'E '),
(102, 'Kołota ', 'Marta', 189, 'Hejka', 54, 'K '),
(103, 'Komar', 'Natalia', 148, 'Multi', 72, 'W '),
(104, 'Komenda', 'Małgorzata', 162, 'Citrone', 72, 'K '),
(105, 'Kopciewski', 'Magdalena', 189, 'Citrone', 49, 'W '),
(106, 'Korol', 'Maria', 178, 'Erka', 64, 'K '),
(107, 'Korolewski', 'Grzegorz', 181, 'Citrone', 31, 'W '),
(108, 'Korzunowicz', 'Piotr', 160, 'Hejka', 51, 'D '),
(109, 'Kowalewska', 'Marta', 184, 'Multi', 72, 'K '),
(110, 'Kowalewski', 'Adam', 180, 'Multi', 76, 'W '),
(111, 'Kozaczuk', 'Edyta', 145, 'Erka', 48, 'D '),
(112, 'Kozłowska', 'Izabela', 166, 'Multi', 39, 'K '),
(113, 'Kozłowska', 'Karolina', 160, 'Hejka', 77, 'W '),
(114, 'Kozłowski', 'Anatol', 148, 'Erka', 66, 'D '),
(115, 'Krasowska', 'Barbara', 154, 'Hejka', 32, 'C '),
(116, 'Krasowska', 'Monika', 153, 'Multi', 56, 'L '),
(117, 'Kraśnicki', 'Klaudia', 190, 'Citrone', 51, 'F '),
(118, 'Krętowska', 'Karolina', 190, 'Erka', 21, 'F '),
(119, 'Kruk', 'Agnieszka', 187, 'Hejka', 24, 'F '),
(120, 'Kruszyniewicz', 'Anna', 159, 'Multi', 23, 'C '),
(121, 'Krysiewicz', 'Marta', 189, 'Citrone', 25, 'L '),
(122, 'Kucikowicz', 'Joanna', 150, 'Multi', 27, 'P '),
(123, 'Kulesza', 'Joanna', 148, 'Erka', 31, 'P '),
(124, 'Kulikowski', 'Maciej', 162, 'Multi', 33, 'W '),
(125, 'Kułak', 'Łukasz', 189, 'Multi', 29, 'W '),
(126, 'Kułakowski', 'Iwona', 189, 'Hejka', 35, 'W '),
(127, 'Kurowski', 'Andrzej', 178, 'Erka', 37, 'W '),
(128, 'Kuryga', 'Anna', 181, 'Hejka', 39, 'F '),
(129, 'Lasota', 'Piotr', 160, 'Multi', 19, 'C '),
(130, 'Lenkiewicz', 'Ewa', 184, 'Citrone', 18, 'L '),
(131, 'Lewczuk', 'Bartosz', 180, 'Erka', 19, 'P '),
(132, 'Linowska', 'Maria', 148, 'Hejka', 20, 'W '),
(133, 'Łobaszewska', 'Ewa', 162, 'Multi', 21, 'D '),
(134, 'Łuksza', 'Agnieszka', 176, 'Citrone', 22, 'K '),
(135, 'Łuksza', 'Aleksandra', 153, 'Multi', 32, 'W '),
(136, 'Maćkowiak', 'Agnieszka', 155, 'Multi', 24, 'D '),
(137, 'Maj', 'Anna', 157, 'Erka', 25, 'K '),
(138, 'Makuszewski', 'Adam', 159, 'Multi', 26, 'D '),
(139, 'Malinowski', 'Anatol', 161, 'Hejka', 27, 'C '),
(140, 'Maliszewski', 'Dominik', 163, 'Erka', 19, 'L '),
(141, 'Maniuszko', 'Edyta', 165, 'Hejka', 25, 'F '),
(142, 'Markowska', 'Emilia', 167, 'Multi', 31, 'E '),
(143, 'Masłowski', 'Izydor', 169, 'Citrone', 37, 'K '),
(144, 'Mateńczuk', 'Joanna', 147, 'Erka', 43, 'W '),
(145, 'Matosik', 'Zuzanna', 177, 'Hejka', 49, 'O '),
(146, 'Matus', 'Magdalena', 183, 'Multi', 19, 'R '),
(147, 'Matys', 'Maria', 152, 'Citrone', 22, 'P '),
(148, 'Matysiuk', 'Monika', 172, 'Multi', 25, 'G '),
(149, 'Michałowski', 'Bartosz', 165, 'Multi', 28, 'S '),
(150, 'Michałowski', 'Łukasz', 183, 'Erka', 31, 'T '),
(151, 'Mieleszko', 'Aneta', 143, 'Multi', 34, 'N '),
(152, 'Mierzeja', 'Marta', 174, 'Hejka', 37, 'P '),
(153, 'Milewska', 'Magdalena', 143, 'Erka', 40, 'Z '),
(154, 'Miniuk', 'Maria', 183, 'Hejka', 43, 'P '),
(155, 'Misiaszek', 'Magdalena', 165, 'Multi', 46, 'Z '),
(156, 'Moniuszko', 'Kamil', 163, 'Citrone', 19, 'D '),
(157, 'Mozolewski', 'Krzysztof', 153, 'Erka', 25, 'C '),
(158, 'Mudź', 'Krzysztof', 172, 'Hejka', 31, 'L '),
(159, 'Murawska', 'Magdalena', 144, 'Multi', 37, 'F '),
(160, 'Myszkowski', 'Jakub', 153, 'Citrone', 43, 'E '),
(161, 'Naruniec', 'Eliza', 142, 'Multi', 49, 'K '),
(162, 'Nawrocka', 'Magdalena', 183, 'Multi', 29, 'W '),
(163, 'Nazaruk', 'Joanna', 153, 'Erka', 28, 'O '),
(164, 'Nowak', 'Elżbieta', 147, 'Multi', 26, 'R '),
(165, 'Odzijewicz', 'Agnieszka', 190, 'Hejka', 25, 'P '),
(166, 'Okruszko', 'Justyna', 155, 'Erka', 24, 'G '),
(167, 'Oksieniuk', 'Małgorzata', 141, 'Hejka', 23, 'S '),
(168, 'Ołdyńska', 'Marta', 179, 'Multi', 22, 'T '),
(169, 'Omelianiuk', 'Kamila', 162, 'Citrone', 43, 'P '),
(170, 'Ostrowska', 'Anna', 155, 'Erka', 42, 'P '),
(171, 'Ostrowski', 'Adam', 179, 'Hejka', 41, 'Z '),
(172, 'Panasiuk', 'Joanna', 142, 'Multi', 40, 'P '),
(173, 'Paszko', 'Marta', 179, 'Citrone', 39, 'Z '),
(174, 'Pawełko', 'Karol', 160, 'Multi', 36, 'D '),
(175, 'Pawluczuk', 'Rafał', 185, 'Multi', 35, 'C '),
(176, 'Pawłowski', 'Piotr', 151, 'Erka', 42, 'L '),
(177, 'Perkowska', 'Maria', 179, 'Multi', 61, 'F '),
(178, 'Petelska', 'Izabela', 161, 'Hejka', 28, 'E '),
(179, 'Picewicz', 'Tomasz', 162, 'Erka', 28, 'K '),
(180, 'Piotrowski', 'Łukasz', 162, 'Hejka', 27, 'W '),
(181, 'Piszczatowski', 'Kamil', 165, 'Multi', 26, 'O '),
(182, 'Pogorzelska', 'Krystyna', 175, 'Citrone', 29, 'R '),
(183, 'Pogorzelski', 'Krzysztof', 156, 'Erka', 31, 'P '),
(184, 'Pokoleńczuk', 'Jędrzej', 187, 'Hejka', 24, 'G '),
(185, 'Popko', 'Krzysztof', 186, 'Multi', 27, 'S '),
(186, 'Porębski', 'Wojciech', 157, 'Citrone', 28, 'T '),
(187, 'Porowski', 'Łukasz', 159, 'Multi', 27, 'W '),
(188, 'Predko', 'Kamil', 143, 'Multi', 26, 'P '),
(189, 'Prokop', 'Jakub', 182, 'Erka', 29, 'Z '),
(190, 'Prokopowicz', 'Adam', 152, 'Multi', 31, 'P '),
(191, 'Prus', 'Ewelina', 179, 'Hejka', 24, 'Z '),
(192, 'Prymak', 'Mirosław', 153, 'Erka', 27, 'D '),
(193, 'Przybytko', 'Paweł', 175, 'Hejka', 27, 'C '),
(194, 'Przytuła', 'Magdalena', 185, 'Multi', 26, 'L '),
(195, 'Puciłowski', 'Tomasz', 190, 'Citrone', 29, 'F '),
(196, 'Rafałowski', 'Dominik', 181, 'Erka', 31, 'E '),
(197, 'Reduta', 'Agnieszka', 146, 'Hejka', 24, 'K '),
(198, 'Romaniuk', 'Magdalena', 148, 'Multi', 27, 'W '),
(199, 'Roszko', 'Paweł', 150, 'Citrone', 28, 'O '),
(200, 'Roszkowski', 'Paweł', 160, 'Multi', 27, 'R '),
(201, 'Rowińska', 'Iwona', 140, 'Multi', 26, 'W '),
(202, 'Rulow', 'Maria', 171, 'Erka', 29, 'O '),
(203, 'Rutka', 'Edyta', 163, 'Multi', 31, 'R '),
(204, 'Rutkowski', 'Karol', 172, 'Hejka', 31, 'T '),
(205, 'Ruwnicka', 'Edyta', 174, 'Erka', 24, 'S '),
(206, 'Rybicki', 'Marcin', 185, 'Hejka', 27, 'S '),
(207, 'Rynkiewicz', 'Piotr', 190, 'Multi', 27, 'S '),
(208, 'Rysiak', 'Łukasz', 173, 'Citrone', 26, 'P '),
(209, 'Sachajko', 'Anna', 184, 'Erka', 29, 'G '),
(210, 'Sacharczuk', 'Agnieszka', 161, 'Hejka', 31, 'S '),
(211, 'Sarnucińska', 'Marzena', 162, 'Multi', 24, 'P '),
(212, 'Sawicki', 'Marcin', 162, 'Citrone', 27, 'P '),
(213, 'Sawoń', 'Anna', 175, 'Multi', 28, 'S '),
(214, 'Sędziak', 'Artur', 145, 'Multi', 27, 'S '),
(215, 'Siemieniak', 'Andrzej', 185, 'Erka', 26, 'Z '),
(216, 'Siemiończyk', 'Agnieszka', 186, 'Multi', 29, 'W '),
(217, 'Sienkiewicz', 'Rafał', 179, 'Hejka', 31, 'W '),
(218, 'Sienkiewicz', 'Anna', 188, 'Erka', 24, 'C '),
(219, 'Sienkiewicz', 'Wojciech', 152, 'Hejka', 27, 'L '),
(220, 'Sieńko', 'Kamila', 177, 'Multi', 28, 'F '),
(221, 'Siergiej', 'Maria', 164, 'Citrone', 42, 'F '),
(222, 'Skowrońska', 'Karolina', 187, 'Erka', 41, 'R '),
(223, 'Skumorski', 'Wojciech', 159, 'Hejka', 40, 'W '),
(224, 'Słomińska', 'Agnieszka', 178, 'Multi', 39, 'O '),
(225, 'Smorczewski', 'Jacek', 145, 'Citrone', 36, 'R '),
(226, 'Socha', 'Piotr', 147, 'Multi', 35, 'T '),
(227, 'Sokół', 'Anna', 187, 'Multi', 42, 'S '),
(228, 'Sołowiej', 'Natalia', 172, 'Erka', 61, 'S '),
(229, 'Sowa', 'Anna', 158, 'Multi', 28, 'N'),
(230, 'Spławska', 'Tomasz', 175, 'Hejka', 28, 'N'),
(231, 'Srebrna', 'Barbara', 170, 'Erka', 27, 'R '),
(232, 'Stasiewicz', 'Adam', 186, 'Hejka', 26, 'T '),
(233, 'Strychalski', 'Mariusz', 186, 'Multi', 29, 'C '),
(234, 'Suchocka', 'Julita', 157, 'Citrone', 31, 'E '),
(235, 'Sulewska', 'Anna', 142, 'Erka', 24, 'E '),
(236, 'Sural', 'Tomasz', 159, 'Hejka', 27, 'F '),
(237, 'Szafara', 'Tadeusz', 154, 'Multi', 28, 'G '),
(238, 'Szekalski', 'Wojciech', 160, 'Citrone', 27, 'P '),
(239, 'Szeszko', 'Grażyna', 159, 'Multi', 26, 'S '),
(240, 'Szubin', 'Kamila', 156, 'Multi', 29, 'W '),
(241, 'Szulimowska', 'Anna', 140, 'Erka', 31, 'D '),
(242, 'Szyfman', 'Bartosz', 159, 'Multi', 24, 'W '),
(243, 'Szymczukiewicz', 'Eliza', 189, 'Hejka', 27, 'D '),
(244, 'Święcicka', 'Marta', 150, 'Erka', 29, 'P '),
(245, 'Topczewski', 'Piotr', 189, 'Hejka', 31, 'D '),
(246, 'Trams', 'Jacek', 148, 'Multi', 24, 'D '),
(247, 'Trombaczyk', 'Dorota', 162, 'Citrone', 27, 'D '),
(248, 'Ucińska', 'Aleksandra', 189, 'Erka', 28, 'D '),
(249, 'Ugolik', 'Katarzyna', 178, 'Hejka', 27, 'T '),
(250, 'Wachowiec', 'Monika', 181, 'Multi', 26, 'S '),
(251, 'Walińska', 'Agnieszka', 160, 'Citrone', 29, 'S '),
(252, 'Wałkuski', 'Bartłomiej', 184, 'Multi', 31, 'N'),
(253, 'Werpachowska', 'Barbara', 180, 'Multi', 24, 'N'),
(254, 'Wierciński', 'Marek', 145, 'Erka', 27, 'R '),
(255, 'Wieremiejuk', 'Sylwia', 166, 'Multi', 26, 'T '),
(256, 'Wierzbicka', 'Ewa', 160, 'Hejka', 29, 'C '),
(257, 'Wierzchowski', 'Paweł', 148, 'Erka', 31, 'E '),
(258, 'Wilczyńska', 'Ewa', 154, 'Hejka', 24, 'E '),
(259, 'Wilczyński', 'Mariusz', 153, 'Multi', 27, 'F '),
(260, 'Wincewicz', 'Michał', 190, 'Citrone', 28, 'G '),
(261, 'Wiodowski', 'Stanisław', 190, 'Erka', 27, 'P '),
(262, 'Wiśniewska', 'Agnieszka', 187, 'Hejka', 26, 'S '),
(263, 'Witczyński', 'Mateusz', 159, 'Multi', 29, 'W '),
(264, 'Wnorowska', 'Joanna', 189, 'Citrone', 31, 'D '),
(265, 'Wołoszyn', 'Jarosław', 150, 'Multi', 24, 'W '),
(266, 'Wróblewski', 'Mikołaj', 189, 'Multi', 27, 'D '),
(267, 'Wysocka', 'Anna', 148, 'Erka', 29, 'P '),
(268, 'Zanecka', 'Ewa', 162, 'Multi', 31, 'P '),
(269, 'Zawada', 'Magdalena', 189, 'Hejka', 24, 'P '),
(270, 'Zawadzki', 'Mateusz', 178, 'Erka', 27, 'G '),
(271, 'Zimnoch', 'Aneta', 181, 'Hejka', 28, 'R '),
(272, 'Żakiewicz', 'Joanna', 184, 'Citrone', 26, 'K '),
(273, 'Żarniewski', 'Maciej', 177, 'Multi', 24, 'P '),
(274, 'Żemojda', 'Krystyna', 161, 'Citrone', 24, 'P '),
(275, 'Żeszczyńska', 'Wanda', 151, 'Erka', 23, 'F '),
(276, 'Żmijewski', 'Sebastian', 160, 'Multi', 27, 'R '),
(277, 'Żukowska', 'Grażyna', 155, 'Hejka', 32, 'E '),
(278, 'Żukowska', 'Aniela', 152, 'Citrone', 50, 'D '),
(279, 'Żukowska', 'Magdalena', 166, 'Erka', 44, 'K '),
(280, 'Żukowski', 'Grzegorz', 177, 'Multi', 41, 'O ');

-- --------------------------------------------------------

--
-- Struktura tabeli dla tabeli `k_wojew`
--

CREATE TABLE IF NOT EXISTS `k_wojew` (
  `Wojewodztwo` varchar(22) DEFAULT NULL,
  `Symbol_woj` varchar(2) DEFAULT NULL
) ENGINE=MyISAM DEFAULT CHARSET=utf8;

--
-- Zrzut danych tabeli `k_wojew`
--

INSERT INTO `k_wojew` (`Wojewodztwo`, `Symbol_woj`) VALUES
('Dolnośląskie', 'D '),
('Kujawsko - Pomorskie', 'C '),
('Lubelskie', 'L '),
('Lubuskie', 'F '),
('Łódzkie', 'E '),
('Małopolskie', 'K '),
('Mazowieckie', 'W '),
('Opolskie', 'O '),
('Podkarpackie', 'R '),
('Podlaskie', 'B '),
('Pomorskie', 'G '),
('Śląskie', 'S '),
('Świętokrzyskie', 'T '),
('Warmińsko - Mazurskie', 'N '),
('Wielkopolskie', 'P '),
('Zachodniopomorskie', 'Z ');

-- --------------------------------------------------------

--
-- Struktura tabeli dla tabeli `k_zaint`
--

CREATE TABLE IF NOT EXISTS `k_zaint` (
  `Id_k` int(3) NOT NULL DEFAULT '0',
  `Zainteresowania` varchar(15) DEFAULT NULL,
  `Wyksztalcenie` varchar(10) DEFAULT NULL,
  PRIMARY KEY (`Id_k`)
) ENGINE=MyISAM DEFAULT CHARSET=utf8;

--
-- Zrzut danych tabeli `k_zaint`
--

INSERT INTO `k_zaint` (`Id_k`, `Zainteresowania`, `Wyksztalcenie`) VALUES
(14, 'polityka', 'średnie'),
(254, 'muzyka', 'wyższe'),
(201, 'języki', 'wyższe'),
(147, 'gry komputerowe', 'podstawowe'),
(232, 'języki', 'wyższe'),
(74, 'matematyka', 'wyższe'),
(165, 'turystyka', 'wyższe'),
(56, 'sport', 'podstawowe'),
(219, 'informatyka', 'wyższe'),
(52, 'turystyka', 'wyższe'),
(128, 'języki', 'średnie'),
(280, 'matematyka', 'wyższe'),
(126, 'muzyka', 'wyższe'),
(143, 'gry komputerowe', 'średnie'),
(214, 'informatyka', 'podstawowe'),
(130, 'gry komputerowe', 'podstawowe'),
(223, 'turystyka', 'wyższe'),
(207, 'matematyka', 'wyższe'),
(51, 'informatyka', 'średnie'),
(276, 'sport', 'podstawowe'),
(104, 'matematyka', 'wyższe'),
(279, 'matematyka', 'wyższe'),
(196, 'turystyka', 'średnie'),
(119, 'polityka', 'wyższe'),
(22, 'muzyka', 'średnie'),
(16, 'turystyka', 'wyższe'),
(77, 'turystyka', 'wyższe'),
(148, 'turystyka', 'wyższe'),
(101, 'sport', 'podstawowe'),
(149, 'języki', 'podstawowe'),
(203, 'turystyka', 'średnie'),
(211, 'sport', 'podstawowe'),
(97, 'matematyka', 'średnie'),
(114, 'turystyka', 'podstawowe'),
(145, 'języki', 'średnie'),
(75, 'polityka', 'podstawowe'),
(260, 'sport', 'podstawowe'),
(234, 'języki', 'podstawowe'),
(250, 'informatyka', 'wyższe'),
(175, 'gry komputerowe', 'podstawowe'),
(277, 'polityka', 'wyższe'),
(218, 'polityka', 'podstawowe'),
(139, 'turystyka', 'podstawowe'),
(23, 'informatyka', 'wyższe'),
(184, 'turystyka', 'średnie'),
(156, 'turystyka', 'średnie'),
(253, 'informatyka', 'średnie'),
(30, 'informatyka', 'podstawowe'),
(136, 'języki', 'średnie'),
(182, 'muzyka', 'średnie'),
(9, 'polityka', 'podstawowe'),
(173, 'języki', 'średnie'),
(84, 'muzyka', 'wyższe'),
(19, 'turystyka', 'wyższe'),
(243, 'muzyka', 'wyższe'),
(264, 'polityka', 'średnie'),
(103, 'polityka', 'podstawowe'),
(161, 'turystyka', 'wyższe'),
(235, 'informatyka', 'wyższe'),
(258, 'sport', 'podstawowe'),
(85, 'gry komputerowe', 'podstawowe'),
(237, 'turystyka', 'wyższe'),
(57, 'matematyka', 'średnie'),
(47, 'matematyka', 'średnie'),
(127, 'gry komputerowe', 'podstawowe'),
(99, 'języki', 'średnie'),
(191, 'muzyka', 'podstawowe'),
(206, 'gry komputerowe', 'średnie'),
(110, 'języki', 'podstawowe'),
(113, 'polityka', 'wyższe'),
(53, 'języki', 'średnie'),
(32, 'języki', 'wyższe'),
(33, 'turystyka', 'podstawowe'),
(210, 'muzyka', 'wyższe'),
(91, 'sport', 'wyższe'),
(112, 'muzyka', 'wyższe'),
(5, 'turystyka', 'wyższe'),
(262, 'polityka', 'średnie'),
(46, 'informatyka', 'średnie'),
(105, 'języki', 'średnie'),
(178, 'gry komputerowe', 'średnie'),
(123, 'turystyka', 'wyższe'),
(199, 'turystyka', 'podstawowe'),
(70, 'języki', 'podstawowe'),
(67, 'muzyka', 'wyższe'),
(153, 'muzyka', 'podstawowe'),
(190, 'języki', 'wyższe'),
(76, 'matematyka', 'średnie'),
(146, 'muzyka', 'podstawowe'),
(244, 'sport', 'wyższe'),
(41, 'sport', 'podstawowe'),
(205, 'informatyka', 'podstawowe'),
(198, 'muzyka', 'średnie'),
(124, 'języki', 'wyższe'),
(204, 'języki', 'wyższe'),
(241, 'polityka', 'wyższe'),
(88, 'gry komputerowe', 'średnie'),
(132, 'języki', 'średnie'),
(6, 'muzyka', 'wyższe'),
(212, 'matematyka', 'średnie'),
(272, 'sport', 'średnie'),
(179, 'gry komputerowe', 'wyższe'),
(64, 'sport', 'podstawowe'),
(60, 'polityka', 'podstawowe'),
(185, 'języki', 'średnie'),
(202, 'muzyka', 'podstawowe'),
(171, 'muzyka', 'średnie'),
(58, 'polityka', 'podstawowe'),
(39, 'muzyka', 'wyższe'),
(188, 'gry komputerowe', 'podstawowe'),
(168, 'języki', 'średnie'),
(208, 'sport', 'podstawowe'),
(160, 'języki', 'podstawowe'),
(170, 'języki', 'wyższe'),
(100, 'turystyka', 'podstawowe'),
(36, 'informatyka', 'podstawowe'),
(251, 'matematyka', 'wyższe'),
(62, 'matematyka', 'podstawowe'),
(95, 'turystyka', 'podstawowe'),
(108, 'muzyka', 'średnie'),
(15, 'informatyka', 'średnie'),
(166, 'języki', 'średnie'),
(186, 'gry komputerowe', 'podstawowe'),
(18, 'matematyka', 'podstawowe'),
(40, 'sport', 'podstawowe'),
(54, 'sport', 'średnie'),
(152, 'języki', 'średnie'),
(82, 'muzyka', 'podstawowe'),
(239, 'muzyka', 'średnie'),
(4, 'sport', 'średnie'),
(224, 'języki', 'wyższe'),
(150, 'muzyka', 'średnie'),
(86, 'informatyka', 'średnie'),
(255, 'informatyka', 'wyższe'),
(249, 'muzyka', 'średnie'),
(120, 'turystyka', 'średnie'),
(44, 'języki', 'podstawowe'),
(174, 'muzyka', 'średnie'),
(138, 'gry komputerowe', 'średnie'),
(159, 'gry komputerowe', 'podstawowe'),
(66, 'matematyka', 'wyższe'),
(71, 'turystyka', 'wyższe'),
(17, 'informatyka', 'wyższe'),
(195, 'muzyka', 'średnie'),
(238, 'muzyka', 'średnie'),
(162, 'gry komputerowe', 'średnie'),
(92, 'turystyka', 'średnie'),
(261, 'matematyka', 'średnie'),
(134, 'gry komputerowe', 'średnie'),
(222, 'matematyka', 'średnie'),
(27, 'gry komputerowe', 'wyższe'),
(269, 'gry komputerowe', 'wyższe'),
(35, 'muzyka', 'średnie'),
(213, 'polityka', 'wyższe'),
(50, 'muzyka', 'wyższe'),
(61, 'matematyka', 'wyższe'),
(257, 'języki', 'podstawowe'),
(90, 'muzyka', 'wyższe'),
(233, 'informatyka', 'wyższe'),
(275, 'informatyka', 'średnie'),
(197, 'języki', 'podstawowe'),
(29, 'informatyka', 'średnie'),
(87, 'polityka', 'średnie'),
(81, 'języki', 'podstawowe'),
(144, 'turystyka', 'podstawowe'),
(1, 'informatyka', 'wyższe'),
(55, 'gry komputerowe', 'średnie'),
(187, 'muzyka', 'średnie'),
(72, 'języki', 'średnie'),
(193, 'turystyka', 'średnie'),
(252, 'informatyka', 'średnie'),
(122, 'turystyka', 'podstawowe'),
(227, 'informatyka', 'średnie'),
(265, 'matematyka', 'średnie'),
(164, 'polityka', 'podstawowe'),
(68, 'sport', 'średnie'),
(121, 'języki', 'wyższe'),
(11, 'turystyka', 'podstawowe'),
(240, 'informatyka', 'średnie'),
(37, 'polityka', 'podstawowe'),
(226, 'muzyka', 'wyższe'),
(140, 'języki', 'podstawowe'),
(259, 'gry komputerowe', 'wyższe'),
(157, 'języki', 'podstawowe'),
(209, 'turystyka', 'średnie'),
(8, 'matematyka', 'wyższe'),
(7, 'sport', 'podstawowe'),
(45, 'muzyka', 'podstawowe'),
(117, 'gry komputerowe', 'średnie'),
(25, 'polityka', 'podstawowe'),
(133, 'gry komputerowe', 'podstawowe'),
(236, 'gry komputerowe', 'podstawowe'),
(137, 'muzyka', 'podstawowe'),
(256, 'turystyka', 'średnie'),
(172, 'gry komputerowe', 'podstawowe'),
(183, 'gry komputerowe', 'podstawowe'),
(268, 'sport', 'wyższe'),
(217, 'polityka', 'podstawowe'),
(200, 'języki', 'średnie'),
(63, 'języki', 'podstawowe'),
(194, 'języki', 'podstawowe'),
(42, 'sport', 'wyższe'),
(10, 'informatyka', 'wyższe'),
(118, 'muzyka', 'podstawowe'),
(83, 'gry komputerowe', 'wyższe'),
(270, 'matematyka', 'średnie'),
(129, 'gry komputerowe', 'podstawowe'),
(180, 'turystyka', 'podstawowe'),
(229, 'polityka', 'wyższe'),
(247, 'polityka', 'podstawowe'),
(248, 'języki', 'średnie'),
(94, 'polityka', 'średnie'),
(12, 'polityka', 'podstawowe'),
(78, 'matematyka', 'podstawowe'),
(111, 'gry komputerowe', 'podstawowe'),
(115, 'języki', 'średnie'),
(169, 'turystyka', 'podstawowe'),
(13, 'polityka', 'podstawowe'),
(231, 'gry komputerowe', 'średnie'),
(96, 'polityka', 'podstawowe'),
(155, 'języki', 'wyższe'),
(151, 'turystyka', 'podstawowe'),
(225, 'matematyka', 'podstawowe'),
(220, 'turystyka', 'wyższe'),
(189, 'turystyka', 'średnie'),
(131, 'turystyka', 'podstawowe'),
(242, 'turystyka', 'średnie'),
(177, 'języki', 'podstawowe'),
(98, 'gry komputerowe', 'wyższe'),
(102, 'gry komputerowe', 'podstawowe'),
(141, 'gry komputerowe', 'wyższe'),
(215, 'turystyka', 'średnie'),
(263, 'informatyka', 'średnie'),
(73, 'matematyka', 'podstawowe'),
(107, 'języki', 'średnie'),
(28, 'języki', 'wyższe'),
(20, 'matematyka', 'średnie'),
(267, 'języki', 'podstawowe'),
(79, 'gry komputerowe', 'wyższe'),
(274, 'matematyka', 'wyższe'),
(80, 'muzyka', 'podstawowe'),
(65, 'gry komputerowe', 'podstawowe'),
(154, 'turystyka', 'podstawowe'),
(142, 'muzyka', 'podstawowe'),
(43, 'polityka', 'podstawowe'),
(271, 'muzyka', 'podstawowe'),
(59, 'informatyka', 'średnie'),
(109, 'gry komputerowe', 'podstawowe'),
(135, 'turystyka', 'podstawowe'),
(31, 'języki', 'podstawowe'),
(24, 'informatyka', 'wyższe'),
(230, 'sport', 'średnie'),
(216, 'polityka', 'podstawowe'),
(163, 'muzyka', 'podstawowe'),
(38, 'turystyka', 'podstawowe'),
(167, 'turystyka', 'średnie'),
(34, 'muzyka', 'średnie'),
(106, 'sport', 'wyższe'),
(116, 'turystyka', 'wyższe'),
(246, 'sport', 'wyższe'),
(125, 'języki', 'podstawowe'),
(3, 'matematyka', 'średnie'),
(221, 'informatyka', 'średnie'),
(69, 'sport', 'średnie'),
(181, 'języki', 'wyższe'),
(245, 'sport', 'podstawowe'),
(278, 'polityka', 'średnie'),
(192, 'gry komputerowe', 'wyższe'),
(273, 'polityka', 'wyższe'),
(176, 'turystyka', 'średnie'),
(2, 'gry komputerowe', 'wyższe'),
(48, 'informatyka', 'podstawowe'),
(266, 'matematyka', 'podstawowe'),
(228, 'informatyka', 'wyższe'),
(21, 'języki', 'średnie'),
(158, 'muzyka', 'średnie'),
(93, 'muzyka', 'podstawowe'),
(49, 'informatyka', 'wyższe'),
(26, 'sport', 'średnie'),
(89, 'sport', 'wyższe');

-- --------------------------------------------------------

--
-- Struktura tabeli dla tabeli `liczniki`
--

CREATE TABLE IF NOT EXISTS `liczniki` (
  `licznik_id` int(11) NOT NULL AUTO_INCREMENT,
  `adres` varchar(256) CHARACTER SET utf8 COLLATE utf8_bin NOT NULL,
  `ile` int(11) NOT NULL,
  PRIMARY KEY (`licznik_id`)
) ENGINE=InnoDB  DEFAULT CHARSET=utf8 COLLATE=utf8_polish_ci AUTO_INCREMENT=11 ;

--
-- Zrzut danych tabeli `liczniki`
--

INSERT INTO `liczniki` (`licznik_id`, `adres`, `ile`) VALUES
(8, '37.8.214.76/~d14.kukiz.krzysztof/php/34_0_licznik_odwiedzin_sql/index.php', 35),
(9, '37.8.214.76/~d14.kukiz.krzysztof/php/34_11_tablel_moze/index.php', 439),
(10, '37.8.214.76/~jacquar/temp/index.php', 5);

-- --------------------------------------------------------

--
-- Struktura tabeli dla tabeli `op_operatorKom`
--

CREATE TABLE IF NOT EXISTS `op_operatorKom` (
  `op_kom_id` int(11) NOT NULL AUTO_INCREMENT,
  `op_imie` varchar(20) COLLATE utf8_polish_ci NOT NULL,
  `op_operator` tinyint(4) NOT NULL,
  `op_ileLat` tinyint(4) NOT NULL,
  `op_IP` varchar(15) COLLATE utf8_polish_ci NOT NULL,
  `op_data` date NOT NULL,
  PRIMARY KEY (`op_kom_id`)
) ENGINE=InnoDB  DEFAULT CHARSET=utf8 COLLATE=utf8_polish_ci AUTO_INCREMENT=8 ;

--
-- Zrzut danych tabeli `op_operatorKom`
--

INSERT INTO `op_operatorKom` (`op_kom_id`, `op_imie`, `op_operator`, `op_ileLat`, `op_IP`, `op_data`) VALUES
(4, 'Kristof', 2, 3, '37.8.214.74', '2017-01-12'),
(5, 'jakies imie', 2, 12, '123.456.789.111', '2017-01-16'),
(6, 'Mickiewicz', 5, 98, '127.0.0.1', '1789-01-16'),
(7, 'test', 3, 2, '67.205.152.44', '2017-04-28');

-- --------------------------------------------------------

--
-- Struktura tabeli dla tabeli `psOsoby`
--

CREATE TABLE IF NOT EXISTS `psOsoby` (
  `id_osoby` varchar(4) DEFAULT NULL,
  `imie` varchar(11) DEFAULT NULL,
  `nazwisko` varchar(13) DEFAULT NULL,
  `nr telefonu` int(9) DEFAULT NULL
) ENGINE=MyISAM DEFAULT CHARSET=utf8;

--
-- Zrzut danych tabeli `psOsoby`
--

INSERT INTO `psOsoby` (`id_osoby`, `imie`, `nazwisko`, `nr telefonu`) VALUES
('o001', 'Adam', 'Roztoka', 501358358),
('o002', 'Adam', 'Komarnicki', 337234875),
('o003', 'Adam', 'Bahdaj', 985620083),
('o004', 'Adela', 'Warszawska', 240696186),
('o005', 'Adelajda', 'Ustka', 878855729),
('o006', 'Adrianna', 'Augystynowska', 212588550),
('o007', 'Agata', 'Skoniecka', 846223920),
('o008', 'Agata', 'Kowal', 241625261),
('o009', 'Agata', 'Jancewicz', 660456825),
('o010', 'Agnieszka', 'Konieczna', 464600371),
('o011', 'Agnieszka', 'Glowaj', 172536111),
('o012', 'Aleksandra', 'Wilk', 858350674),
('o013', 'Aleksandra', 'Kruczek', 341875158),
('o014', 'Alfred', 'Kowalski', 149446419),
('o015', 'Alicja', 'Wronska', 804645390),
('o016', 'Alicja', 'Szydlowska', 416936384),
('o017', 'Amelia', 'Pawlikowska', 851898167),
('o018', 'Amelia', 'Hanke', 339035805),
('o019', 'Andrzej', 'Kakadun', 299725985),
('o020', 'Andrzej', 'Dudek', 756821297),
('o021', 'Anna', 'Szczupak', 777324566),
('o022', 'Anna', 'Misiek', 952990013),
('o023', 'Anna', 'Marciniak', 852304128),
('o024', 'Anna', 'Malinowska', 417360693),
('o025', 'Anna', 'Kowalczyk', 626367747),
('o026', 'Augusta', 'Kowalska', 467627413),
('o027', 'Aurelia', 'Stawikowska', 366549540),
('o028', 'Aurelia', 'Pawlikowska', 491179439),
('o029', 'Bartosz', 'Kulka', 729279704),
('o030', 'Beata', 'Tomaszewska', 125049350),
('o031', 'Beata', 'Pawlikowska', 112129738),
('o032', 'Beata', 'Kukulka', 914785371),
('o033', 'Bernard', 'Kajetanowicz', 956204569),
('o034', 'Bogdan', 'Kwiatkowski', 250183758),
('o035', 'Boleslaw', 'Graba', 634921992),
('o036', 'Bonifacy', 'Pieskowski', 888747270),
('o037', 'Borys', 'Szyc', 290487706),
('o038', 'Bozena', 'Lubiatowska', 720819890),
('o039', 'Cezary', 'Grochot', 620354186),
('o040', 'Dagmara', 'Bielawska', 264239594),
('o041', 'Damian', 'Stasiak', 435968061),
('o042', 'Damian', 'Dudek', 711579250),
('o043', 'Daniel', 'Stasiak', 365354276),
('o044', 'Danuta', 'Szargawinska', 880944253),
('o045', 'Dawid', 'Stasiak', 758725080),
('o046', 'Dawid', 'Komarnicki', 232595744),
('o047', 'Dominika', 'Kurczaczek', 620234843),
('o048', 'Dorota', 'Misiek', 968459848),
('o049', 'Dorota', 'Gawron', 620076488),
('o050', 'Edward', 'Tatarynowicz', 106833336),
('o051', 'Edyta', 'Kowal', 937766529),
('o052', 'Edyta', 'Herman', 570817316),
('o053', 'Edyta', 'Antczak', 541103013),
('o054', 'Eliza', 'Bilska', 347514030),
('o055', 'Elzbieta', 'Kozielczyk', 702201236),
('o056', 'Eugeniusz', 'Kot', 950227008),
('o057', 'Eugeniusz', 'Jaworski', 508497984),
('o058', 'Eulalia', 'Modrzejewska', 262560876),
('o059', 'Euzebiusz', 'Lange', 979453064),
('o060', 'Ewa', 'Wrobel', 227663795),
('o061', 'Ewa', 'Lis', 216797982),
('o062', 'Ewa', 'Kolasinka', 612819594),
('o063', 'Ewa', 'Klucznik', 569084323),
('o064', 'Ewelina', 'Tyrka', 236833825),
('o065', 'Ewelina', 'Szustak', 363034389),
('o066', 'Ewelina', 'Dudek', 923714699),
('o067', 'Felicita', 'Stasiak', 711063292),
('o068', 'Felicja', 'Wojciechowska', 176331669),
('o069', 'Genowefa', 'Wilk', 659044465),
('o070', 'Grzegorz', 'Ziarkowski', 189936372),
('o071', 'Grzegorz', 'Specjalny', 363301504),
('o072', 'Grzegorz', 'Kwiatkowski', 204122391),
('o073', 'Hanna', 'Lewaszkiewicz', 263780287),
('o074', 'Hanna', 'Kowalska', 846419496),
('o075', 'Hanna', 'Karpik', 225980206),
('o076', 'Helena', 'Wojciechowska', 595533466),
('o077', 'Henryk', 'Biler', 968965114),
('o078', 'Honorata', 'Siwek', 915849969),
('o079', 'Jacek', 'Kulka', 890008775),
('o080', 'Jacek', 'Kalisz', 438464087),
('o081', 'Jacek', 'Gorchalski', 644683928),
('o082', 'Jadwiga', 'Andrzejewicz', 404726591),
('o083', 'Jagoda', 'Kulka', 325692935),
('o084', 'Jakub', 'Hanke', 838234121),
('o085', 'Jakub', 'Burski', 950937188),
('o086', 'Jan', 'Krupa', 530745051),
('o087', 'Jan', 'Kretowski', 129446536),
('o088', 'Jan', 'Abrich', 338080611),
('o089', 'Janina', 'Kretowska', 655661686),
('o090', 'Jerzy', 'Dziasek', 417500000),
('o091', 'Jerzy', 'Andrzejewicz', 301478968),
('o092', 'Joanna', 'Patrycy', 938706243),
('o093', 'Joanna', 'Malinowska', 405007316),
('o094', 'Joanna', 'Gerwazy', 397799485),
('o095', 'Jolanta', 'Pastuszka', 928431023),
('o096', 'Jolanta', 'Kot', 925709580),
('o097', 'Jowita', 'Tobera', 568181335),
('o098', 'Jowita', 'Kot', 280868511),
('o099', 'Justyna', 'Jacak', 135301801),
('o100', 'Justyna', 'Dziasek', 327970338),
('o101', 'Kacper', 'Kaliszewski', 253865789),
('o102', 'Kajetan', 'Zym', 359100314),
('o103', 'Kamila', 'Murarz', 478107233),
('o104', 'Kamila', 'Bugajno', 578659730),
('o105', 'Karolina', 'Plawgo', 827248443),
('o106', 'Katarzyna', 'Tobera', 873112918),
('o107', 'Katarzyna', 'Piekarska', 651562096),
('o108', 'Katarzyna', 'Hertman', 999088875),
('o109', 'Katarzyna', 'Burkiewicz', 974366688),
('o110', 'Kazimierz', 'Stawikowski', 770822660),
('o111', 'Konstancja', 'Kowalska', 916276267),
('o112', 'Konstanty', 'Piekarz', 124189563),
('o113', 'Konstanty', 'Kowalski', 157476532),
('o114', 'Kornelia', 'Pastuszka', 244225953),
('o115', 'Kornelia', 'Andrzejewska', 862206101),
('o116', 'Krystian', 'Durczok', 700861238),
('o117', 'Krystyna', 'Walczakowska', 776837936),
('o118', 'Krystyna', 'Tobera', 370371173),
('o119', 'Krystyna', 'Lubiatowska', 715536778),
('o120', 'Krystyna', 'Lis', 827912275),
('o121', 'Krzysztof', 'Krupa', 816319425),
('o122', 'Krzysztof', 'Kozielczyk', 653133124),
('o123', 'Krzysztof', 'Koza', 458610343),
('o124', 'Krzysztof', 'Dudek', 468209921),
('o125', 'Krzysztof', 'Czekaj', 615589395),
('o126', 'Lech', 'Buski', 641730464),
('o127', 'Maciej', 'Piekarski', 586892775),
('o128', 'Maciej', 'Mazur', 999114240),
('o129', 'Maciej', 'Kwiatkowski', 936701653),
('o130', 'Maciej', 'Cynkar', 527932349),
('o131', 'Magdalena', 'Zubilewicz', 923720204),
('o132', 'Maja', 'Stasiak', 445892075),
('o133', 'Maksymilian', 'Kajetanowicz', 850001952),
('o134', 'Maksymilian', 'Dudek', 685923771),
('o135', 'Malgorzata', 'Tatarkiewicz', 229057081),
('o136', 'Malgorzata', 'Herman', 419362154),
('o137', 'Marcel', 'Ziarkowski', 705941938),
('o138', 'Marcela', 'Tomaszewska', 524509005),
('o139', 'Marceli', 'Nowotko', 961476691),
('o140', 'Marcelina', 'Mroczek', 348600233),
('o141', 'Marcin', 'Nowakowski', 822167928),
('o142', 'Marcin', 'Kwiatkowski', 702213314),
('o143', 'Marcin', 'Krukowski', 784192589),
('o144', 'Marcin', 'Kowal', 311625151),
('o145', 'Maria', 'Wysocka', 269526831),
('o146', 'Maria', 'Krupa', 967041691),
('o147', 'Mariola', 'Walczakowska', 109166332),
('o148', 'Mariola', 'Krupa', 589755980),
('o149', 'Mariusz', 'Tatarkiewicz', 171832653),
('o150', 'Marzena', 'Kokoryk', 404605881),
('o151', 'Mateusz', 'Kurczak', 323099715),
('o152', 'Maurycy', 'Kocicki', 146369789),
('o153', 'Michal', 'Nowak', 384983908),
('o154', 'Michal', 'Kozica', 347692694),
('o155', 'Monika', 'Sibilska', 597061373),
('o156', 'Monika', 'Roztocka', 130235539),
('o157', 'Monika', 'Klucznik', 256479624),
('o158', 'Monika', 'Drabik', 367431675),
('o159', 'Monika', 'Antczak', 606100977),
('o160', 'Nadzieja', 'Stasiak', 790731153),
('o161', 'Natalia', 'Kozica', 763778170),
('o162', 'Natalia', 'Kowalska', 698419024),
('o163', 'Oskar', 'Adamczyk', 262545960),
('o164', 'Patrycja', 'Kwiatkowska', 644675852),
('o165', 'Patrycja', 'Kaczorek', 795788207),
('o166', 'Patrycja', 'Gren', 686106582),
('o167', 'Patrycja', 'Biler', 913698024),
('o168', 'Paula', 'Kozica', 201858900),
('o169', 'Paulina', 'Stawikowska', 335516598),
('o170', 'Paulina', 'Piekarz', 537470721),
('o171', 'Pawel', 'Siwek', 285027466),
('o172', 'Pawel', 'Nowakowski', 944440433),
('o173', 'Pawel', 'Gabowski', 743177214),
('o174', 'Pelagia', 'Zajac', 195209191),
('o175', 'Pelagia', 'Kurska', 363578930),
('o176', 'Piotr', 'Specjalny', 922681603),
('o177', 'Piotr', 'Siwek', 897063385),
('o178', 'Piotr', 'Odolanowski', 109911845),
('o179', 'Piotr', 'Markowski', 786344050),
('o180', 'Rafal', 'Wroclawski', 646581699),
('o181', 'Remigiusz', 'Kaliszewski', 764848634),
('o182', 'Remigiusz', 'Bielaszewski', 647657695),
('o183', 'Renata', 'Stasiak', 500286117),
('o184', 'Renata', 'Modrzewska', 426742055),
('o185', 'Ryszard', 'Kowalski', 773813404),
('o186', 'Ryszard', 'Kalisz', 864478287),
('o187', 'Sergiusz', 'Kalisz', 648234623),
('o188', 'Sylwester', 'Wojtas', 490491848),
('o189', 'Tadeusz', 'Kruczek', 189920833),
('o190', 'Tomasz', 'Stankiewicz', 201759195),
('o191', 'Tomasz', 'Milde', 743000595),
('o192', 'Tomasz', 'Lange', 214642172),
('o193', 'Tomasz', 'Krupa', 925820428),
('o194', 'Urszula', 'Stawikowska', 711705757),
('o195', 'Urszula', 'Specjalna', 247132827),
('o196', 'Weronika', 'Makowska', 339405544),
('o197', 'Wojciech', 'Jagielski', 643394166),
('o198', 'Wojciech', 'Burski', 408664122),
('o199', 'Zenon', 'Kowal', 802069355),
('o200', 'Zofia', 'Stankiewicz', 945999700);

-- --------------------------------------------------------

--
-- Struktura tabeli dla tabeli `psPsy`
--

CREATE TABLE IF NOT EXISTS `psPsy` (
  `id_psa` int(4) DEFAULT NULL,
  `rasa` varchar(33) DEFAULT NULL,
  `wiek` int(1) DEFAULT NULL,
  `plec` varchar(6) DEFAULT NULL,
  `liczba zdobytych medali` int(1) DEFAULT NULL,
  `id_osoby` varchar(4) DEFAULT NULL
) ENGINE=MyISAM DEFAULT CHARSET=utf8;

--
-- Zrzut danych tabeli `psPsy`
--

INSERT INTO `psPsy` (`id_psa`, `rasa`, `wiek`, `plec`, `liczba zdobytych medali`, `id_osoby`) VALUES
(1, 'wyżeł węgierski krótkowłosy', 4, 'samica', 1, 'o059'),
(2, 'owczarek niemiecki', 2, 'samica', 2, 'o064'),
(3, 'chihuahua', 3, 'samiec', 4, 'o097'),
(4, 'terier walijski', 5, 'samica', 2, 'o037'),
(5, 'foksterier krótkowłosy', 2, 'samiec', 1, 'o178'),
(6, 'wyżeł niemiecki długowłosy', 3, 'samiec', 2, 'o123'),
(7, 'jamnik krótkowłosy', 2, 'samiec', 2, 'o110'),
(8, 'pudel duży', 3, 'samiec', 2, 'o165'),
(9, 'jamnik szorstkowłosy', 3, 'samica', 1, 'o192'),
(10, 'szpic włoski', 5, 'samiec', 1, 'o064'),
(11, 'jamnik długowłosy', 3, 'samica', 0, 'o105'),
(12, 'dalmatyńczyk', 1, 'samica', 1, 'o188'),
(13, 'owczarek podhalański', 1, 'samica', 2, 'o174'),
(14, 'wyżeł niemiecki długowłosy', 5, 'samica', 3, 'o014'),
(15, 'cocker spaniel angielski', 1, 'samiec', 2, 'o177'),
(16, 'bernardyn krótkowłosy', 1, 'samiec', 2, 'o074'),
(17, 'buldog angielski', 2, 'samica', 0, 'o170'),
(18, 'buldog francuski', 3, 'samiec', 3, 'o130'),
(19, 'alaskan malamute', 2, 'samica', 4, 'o068'),
(20, 'bernardyn krótkowłosy', 2, 'samica', 3, 'o038'),
(21, 'chart hiszpański', 1, 'samiec', 4, 'o050'),
(22, 'szpic miniaturowy', 4, 'samiec', 1, 'o010'),
(23, 'komondor', 3, 'samica', 1, 'o105'),
(24, 'szpic niemiecki', 5, 'samiec', 3, 'o168'),
(25, 'owczarek szetlandzki', 4, 'samica', 4, 'o062'),
(26, 'chart perski', 1, 'samica', 2, 'o185'),
(27, 'terier szkocki', 1, 'samica', 3, 'o104'),
(28, 'chart hiszpański', 1, 'samica', 2, 'o155'),
(29, 'terier szkocki', 2, 'samiec', 1, 'o096'),
(30, 'bernardyn długowłosy', 3, 'samica', 3, 'o087'),
(31, 'wyżeł niemiecki szorstkowłosy', 3, 'samiec', 2, 'o056'),
(32, 'dalmatyńczyk', 3, 'samica', 4, 'o023'),
(33, 'owczarek szkocki długowłosy', 5, 'samica', 4, 'o182'),
(34, 'wyżeł włoski szorstkowłosy', 1, 'samica', 0, 'o178'),
(35, 'jamnik krótkowłosy', 4, 'samiec', 2, 'o198'),
(36, 'owczarek kaukaski', 4, 'samica', 4, 'o095'),
(37, 'komondor', 4, 'samiec', 4, 'o109'),
(38, 'owczarek szetlandzki', 4, 'samiec', 1, 'o143'),
(39, 'doberman', 3, 'samiec', 2, 'o014'),
(40, 'owczarek holenderski', 5, 'samica', 2, 'o057'),
(41, 'terier irlandzki', 4, 'samica', 3, 'o162'),
(42, 'sznaucer miniaturowy', 4, 'samiec', 2, 'o007'),
(43, 'owczarek kataloński', 5, 'samica', 4, 'o077'),
(44, 'owczarek kaukaski', 1, 'samica', 0, 'o111'),
(45, 'pekińczyk', 1, 'samica', 3, 'o104'),
(46, 'chart rosyjski', 2, 'samica', 2, 'o098'),
(47, 'chart perski', 4, 'samica', 1, 'o166'),
(48, 'owczarek niemiecki', 3, 'samica', 1, 'o044'),
(49, 'szpic włoski', 2, 'samica', 1, 'o125'),
(50, 'szpic włoski', 5, 'samiec', 1, 'o138'),
(51, 'wyżeł niemiecki krótkowłosy', 1, 'samiec', 4, 'o070'),
(52, 'szpic miniaturowy', 3, 'samiec', 1, 'o130'),
(53, 'alaskan malamute', 3, 'samica', 4, 'o137'),
(54, 'pudel miniaturowy', 1, 'samiec', 3, 'o004'),
(55, 'chart rosyjski', 1, 'samica', 0, 'o111'),
(56, 'wyżeł niemiecki długowłosy', 5, 'samiec', 4, 'o078'),
(57, 'bernardyn długowłosy', 3, 'samiec', 1, 'o020'),
(58, 'wyżeł włoski szorstkowłosy', 2, 'samiec', 1, 'o145'),
(59, 'dog niemiecki', 1, 'samica', 0, 'o160'),
(60, 'bernardyn długowłosy', 1, 'samiec', 0, 'o082'),
(61, 'dog argentyński', 5, 'samica', 1, 'o012'),
(62, 'owczarek kraski', 4, 'samiec', 1, 'o064'),
(63, 'wyżeł włoski szorstkowłosy', 3, 'samica', 3, 'o086'),
(64, 'labrador retriever', 3, 'samiec', 3, 'o086'),
(65, 'owczarek szkocki krótkowłosy', 5, 'samiec', 3, 'o021'),
(66, 'chart polski', 4, 'samica', 3, 'o018'),
(67, 'chart afgański', 5, 'samiec', 0, 'o028'),
(68, 'dog kanaryjski', 5, 'samica', 2, 'o134'),
(69, 'buldog francuski', 5, 'samica', 0, 'o022'),
(70, 'pudel miniaturowy', 1, 'samiec', 3, 'o065'),
(71, 'chart szkocki', 5, 'samica', 0, 'o182'),
(72, 'chart perski', 2, 'samiec', 3, 'o010'),
(73, 'chart szkocki', 1, 'samica', 3, 'o022'),
(74, 'rottweiler', 5, 'samica', 2, 'o043'),
(75, 'owczarek kaukaski', 4, 'samica', 3, 'o087'),
(76, 'owczarek szkocki krótkowłosy', 1, 'samiec', 1, 'o050'),
(77, 'doberman', 5, 'samica', 1, 'o167'),
(78, 'pudel miniaturowy', 2, 'samica', 0, 'o163'),
(79, 'sznaucer miniaturowy', 2, 'samiec', 3, 'o149'),
(80, 'chart hiszpański', 2, 'samica', 0, 'o171'),
(81, 'chart hiszpański', 3, 'samiec', 0, 'o037'),
(82, 'sznaucer miniaturowy', 1, 'samiec', 0, 'o025'),
(83, 'mops', 5, 'samica', 2, 'o138'),
(84, 'dog niemiecki', 4, 'samica', 4, 'o066'),
(85, 'owczarek szkocki długowłosy', 3, 'samiec', 3, 'o166'),
(86, 'jamnik krótkowłosy', 1, 'samiec', 0, 'o068'),
(87, 'wyżeł niemiecki długowłosy', 2, 'samiec', 0, 'o013'),
(88, 'szpic niemiecki', 2, 'samica', 0, 'o062'),
(89, 'labrador retriever', 3, 'samica', 4, 'o121'),
(90, 'szpic włoski', 2, 'samiec', 4, 'o124'),
(91, 'buldog angielski', 3, 'samica', 4, 'o175'),
(92, 'jamnik krótkowłosy', 2, 'samiec', 4, 'o091'),
(93, 'terier szkocki', 4, 'samica', 0, 'o010'),
(94, 'doberman', 3, 'samica', 4, 'o001'),
(95, 'dog argentyński', 5, 'samica', 4, 'o116'),
(96, 'sznaucer olbrzym', 5, 'samiec', 4, 'o088'),
(97, 'alaskan malamute', 2, 'samiec', 2, 'o024'),
(98, 'terier australijski', 1, 'samiec', 0, 'o021'),
(99, 'buldog francuski', 2, 'samiec', 0, 'o120'),
(100, 'terier walijski', 3, 'samiec', 1, 'o075'),
(101, 'chihuahua', 2, 'samica', 4, 'o011'),
(102, 'bernardyn krótkowłosy', 4, 'samica', 3, 'o059'),
(103, 'foksterier szorstkowłosy', 4, 'samiec', 1, 'o020'),
(104, 'rottweiler', 1, 'samica', 4, 'o118'),
(105, 'szpic fiński', 3, 'samiec', 0, 'o030'),
(106, 'dog argentyński', 4, 'samiec', 2, 'o083'),
(107, 'bosker', 1, 'samiec', 4, 'o044'),
(108, 'owczarek kaukaski', 1, 'samiec', 0, 'o053'),
(109, 'cocker spaniel angielski', 1, 'samica', 1, 'o064'),
(110, 'buldog angielski', 5, 'samiec', 0, 'o100'),
(111, 'labrador retriever', 1, 'samiec', 3, 'o028'),
(112, 'szpic włoski', 4, 'samica', 4, 'o007'),
(113, 'mops', 3, 'samica', 2, 'o034'),
(114, 'terier czeski', 2, 'samiec', 0, 'o166'),
(115, 'seter szkocki', 3, 'samica', 2, 'o069'),
(116, 'bernardyn długowłosy', 2, 'samica', 0, 'o051'),
(117, 'dog argentyński', 1, 'samiec', 1, 'o112'),
(118, 'doberman', 1, 'samiec', 4, 'o073'),
(119, 'terier szkocki', 3, 'samica', 4, 'o103'),
(120, 'szpic miniaturowy', 3, 'samiec', 2, 'o071'),
(121, 'labrador retriever', 3, 'samiec', 4, 'o091'),
(122, 'wyżeł niemiecki szorstkowłosy', 4, 'samiec', 0, 'o086'),
(123, 'chart szkocki', 5, 'samica', 3, 'o103'),
(124, 'dog argentyński', 2, 'samiec', 4, 'o111'),
(125, 'buldog angielski', 4, 'samiec', 2, 'o142'),
(126, 'seter szkocki', 3, 'samica', 4, 'o186'),
(127, 'dog argentyński', 2, 'samiec', 4, 'o040'),
(128, 'bosker', 2, 'samica', 0, 'o040'),
(129, 'bulterier', 2, 'samiec', 4, 'o107'),
(130, 'bernardyn krótkowłosy', 3, 'samica', 0, 'o032'),
(131, 'alaskan malamute', 2, 'samiec', 2, 'o008'),
(132, 'wyżeł włoski krótkowłosy', 1, 'samica', 3, 'o057'),
(133, 'terier tybetański', 4, 'samica', 3, 'o199'),
(134, 'chihuahua', 2, 'samica', 2, 'o111'),
(135, 'bulterier', 3, 'samiec', 4, 'o171'),
(136, 'bernardyn długowłosy', 4, 'samiec', 0, 'o084'),
(137, 'jamnik szorstkowłosy', 3, 'samiec', 0, 'o103'),
(138, 'owczarek szkocki krótkowłosy', 2, 'samica', 2, 'o142'),
(139, 'dog kanaryjski', 5, 'samiec', 4, 'o052'),
(140, 'owczarek kraski', 2, 'samica', 2, 'o111'),
(141, 'jamnik długowłosy', 5, 'samiec', 4, 'o102'),
(142, 'pudel duży', 1, 'samica', 0, 'o065'),
(143, 'chart perski', 4, 'samiec', 3, 'o008'),
(144, 'chart węgierski', 4, 'samica', 0, 'o129'),
(145, 'wyżeł włoski krótkowłosy', 5, 'samica', 1, 'o157'),
(146, 'wyżeł włoski szorstkowłosy', 4, 'samica', 3, 'o186'),
(147, 'terier walijski', 2, 'samiec', 0, 'o193'),
(148, 'chart rosyjski', 2, 'samica', 0, 'o164'),
(149, 'owczarek kaukaski', 4, 'samiec', 4, 'o114'),
(150, 'owczarek środkowoazjatycki', 1, 'samica', 0, 'o048'),
(151, 'owczarek szkocki długowłosy', 5, 'samica', 3, 'o173'),
(152, 'foksterier szorstkowłosy', 3, 'samiec', 2, 'o145'),
(153, 'seter irlandzki', 1, 'samica', 0, 'o042'),
(154, 'owczarek kaukaski', 1, 'samica', 0, 'o060'),
(155, 'terier australijski', 2, 'samica', 1, 'o113'),
(156, 'terier irlandzki', 2, 'samica', 3, 'o166'),
(157, 'wyżeł niemiecki krótkowłosy', 2, 'samiec', 2, 'o082'),
(158, 'owczarek szkocki długowłosy', 3, 'samiec', 1, 'o181'),
(159, 'chart węgierski', 5, 'samica', 0, 'o120'),
(160, 'labrador retriever', 5, 'samiec', 1, 'o084'),
(161, 'owczarek kataloński', 5, 'samica', 0, 'o040'),
(162, 'jamnik długowłosy', 4, 'samiec', 2, 'o118'),
(163, 'rottweiler', 4, 'samiec', 0, 'o181'),
(164, 'terier australijski', 1, 'samiec', 4, 'o098'),
(165, 'labrador retriever', 3, 'samiec', 0, 'o053'),
(166, 'terier szkocki', 5, 'samica', 4, 'o069'),
(167, 'mops', 2, 'samiec', 1, 'o173'),
(168, 'terier australijski', 2, 'samica', 1, 'o124'),
(169, 'alaskan malamute', 3, 'samiec', 1, 'o154'),
(170, 'bulterier', 1, 'samica', 3, 'o139'),
(171, 'labrador retriever', 5, 'samiec', 1, 'o011'),
(172, 'terier irlandzki', 1, 'samica', 1, 'o133'),
(173, 'cocker spaniel angielski', 4, 'samiec', 1, 'o078'),
(174, 'chart węgierski', 3, 'samica', 0, 'o191'),
(175, 'terier tybetański', 3, 'samiec', 1, 'o180'),
(176, 'buldog angielski', 3, 'samica', 0, 'o144'),
(177, 'chart afgański', 1, 'samica', 0, 'o173'),
(178, 'komondor', 2, 'samica', 3, 'o191'),
(179, 'chart szkocki', 1, 'samiec', 4, 'o008'),
(180, 'chart hiszpański', 3, 'samiec', 1, 'o088'),
(181, 'owczarek holenderski', 4, 'samica', 3, 'o025'),
(182, 'seter szkocki', 3, 'samica', 1, 'o100'),
(183, 'dog kanaryjski', 3, 'samiec', 4, 'o003'),
(184, 'chart afgański', 2, 'samiec', 0, 'o120'),
(185, 'chart perski', 5, 'samiec', 3, 'o041'),
(186, 'bernardyn długowłosy', 2, 'samica', 3, 'o078'),
(187, 'bernardyn krótkowłosy', 1, 'samiec', 1, 'o068'),
(188, 'szpic fiński', 2, 'samiec', 4, 'o084'),
(189, 'terier australijski', 1, 'samiec', 4, 'o179'),
(190, 'dog argentyński', 3, 'samica', 4, 'o118'),
(191, 'bulterier', 4, 'samiec', 4, 'o085'),
(192, 'pudel średni', 4, 'samiec', 0, 'o022'),
(193, 'owczarek szkocki krótkowłosy', 4, 'samica', 4, 'o009'),
(194, 'foksterier szorstkowłosy', 3, 'samiec', 4, 'o015'),
(195, 'jamnik szorstkowłosy', 2, 'samica', 0, 'o087'),
(196, 'dog argentyński', 5, 'samiec', 4, 'o103'),
(197, 'dog argentyński', 1, 'samiec', 0, 'o052'),
(198, 'owczarek kaukaski', 3, 'samiec', 1, 'o147'),
(199, 'chart hiszpański', 1, 'samiec', 4, 'o049'),
(200, 'labrador retriever', 1, 'samica', 2, 'o165'),
(201, 'wyżeł węgierski krótkowłosy', 3, 'samica', 4, 'o083'),
(202, 'komondor', 5, 'samica', 3, 'o089'),
(203, 'chart szkocki', 5, 'samiec', 4, 'o029'),
(204, 'dalmatyńczyk', 4, 'samica', 2, 'o109'),
(205, 'cocker spaniel angielski', 5, 'samiec', 2, 'o049'),
(206, 'sznaucer miniaturowy', 2, 'samica', 1, 'o134'),
(207, 'terier irlandzki', 4, 'samica', 1, 'o110'),
(208, 'seter angielski', 1, 'samica', 2, 'o085'),
(209, 'foksterier szorstkowłosy', 2, 'samiec', 4, 'o044'),
(210, 'owczarek szkocki krótkowłosy', 1, 'samica', 4, 'o083'),
(211, 'owczarek kataloński', 2, 'samica', 0, 'o157'),
(212, 'seter irlandzki', 4, 'samiec', 4, 'o041'),
(213, 'owczarek szkocki krótkowłosy', 3, 'samica', 2, 'o002'),
(214, 'szpic włoski', 2, 'samica', 3, 'o140'),
(215, 'jamnik krótkowłosy', 4, 'samica', 4, 'o172'),
(216, 'terier walijski', 3, 'samiec', 0, 'o017'),
(217, 'cocker spaniel angielski', 2, 'samica', 2, 'o140'),
(218, 'wyżeł niemiecki długowłosy', 5, 'samiec', 3, 'o163'),
(219, 'pudel miniaturowy', 3, 'samica', 3, 'o044'),
(220, 'owczarek szkocki długowłosy', 4, 'samiec', 2, 'o025'),
(221, 'dog argentyński', 1, 'samiec', 0, 'o072'),
(222, 'buldog angielski', 2, 'samiec', 0, 'o077'),
(223, 'owczarek szetlandzki', 1, 'samiec', 3, 'o034'),
(224, 'cocker spaniel angielski', 4, 'samiec', 2, 'o050'),
(225, 'bernardyn długowłosy', 3, 'samiec', 3, 'o033'),
(226, 'terier walijski', 3, 'samica', 0, 'o068'),
(227, 'chart szkocki', 5, 'samica', 0, 'o144'),
(228, 'komondor', 4, 'samica', 4, 'o057'),
(229, 'seter irlandzki', 4, 'samica', 2, 'o078'),
(230, 'wyżeł włoski krótkowłosy', 3, 'samiec', 3, 'o171'),
(231, 'wyżeł niemiecki krótkowłosy', 5, 'samiec', 4, 'o147'),
(232, 'owczarek kataloński', 1, 'samiec', 4, 'o101'),
(233, 'labrador retriever', 5, 'samiec', 0, 'o044'),
(234, 'seter szkocki', 1, 'samiec', 4, 'o081'),
(235, 'terier australijski', 2, 'samica', 4, 'o132'),
(236, 'bernardyn krótkowłosy', 4, 'samiec', 4, 'o078'),
(237, 'pudel miniaturowy', 1, 'samiec', 3, 'o118'),
(238, 'foksterier krótkowłosy', 5, 'samica', 2, 'o181'),
(239, 'seter irlandzki', 3, 'samiec', 4, 'o066'),
(240, 'chart perski', 5, 'samiec', 4, 'o144'),
(241, 'chart polski', 3, 'samica', 3, 'o014'),
(242, 'owczarek kraski', 4, 'samica', 3, 'o049'),
(243, 'bernardyn długowłosy', 2, 'samica', 3, 'o086'),
(244, 'chart rosyjski', 3, 'samiec', 1, 'o100'),
(245, 'owczarek niemiecki', 1, 'samica', 2, 'o027'),
(246, 'labrador retriever', 2, 'samiec', 3, 'o149'),
(247, 'komondor', 4, 'samiec', 0, 'o013'),
(248, 'terier walijski', 1, 'samica', 4, 'o066'),
(249, 'owczarek podhalański', 5, 'samica', 1, 'o134'),
(250, 'foksterier szorstkowłosy', 1, 'samica', 2, 'o095'),
(251, 'szpic miniaturowy', 1, 'samiec', 0, 'o165'),
(252, 'sznaucer olbrzym', 2, 'samiec', 4, 'o069'),
(253, 'dog niemiecki', 3, 'samiec', 3, 'o063'),
(254, 'jamnik krótkowłosy', 1, 'samiec', 1, 'o013'),
(255, 'wyżeł włoski szorstkowłosy', 5, 'samiec', 2, 'o128'),
(256, 'chart polski', 4, 'samica', 1, 'o113'),
(257, 'szpic włoski', 2, 'samica', 2, 'o022'),
(258, 'owczarek szkocki krótkowłosy', 5, 'samiec', 2, 'o037'),
(259, 'alaskan malamute', 5, 'samiec', 0, 'o021'),
(260, 'alaskan malamute', 3, 'samica', 3, 'o126'),
(261, 'jamnik długowłosy', 1, 'samiec', 4, 'o022'),
(262, 'terier szkocki', 3, 'samiec', 4, 'o044'),
(263, 'foksterier krótkowłosy', 2, 'samica', 1, 'o030'),
(264, 'terier czeski', 3, 'samica', 3, 'o027'),
(265, 'pekińczyk', 3, 'samiec', 4, 'o200'),
(266, 'wyżeł węgierski krótkowłosy', 5, 'samica', 3, 'o156'),
(267, 'buldog angielski', 5, 'samica', 2, 'o032'),
(268, 'owczarek szkocki krótkowłosy', 4, 'samica', 2, 'o074'),
(269, 'szpic miniaturowy', 3, 'samiec', 4, 'o197'),
(270, 'owczarek szkocki długowłosy', 3, 'samica', 4, 'o096'),
(271, 'seter szkocki', 1, 'samica', 1, 'o130'),
(272, 'wyżeł niemiecki krótkowłosy', 2, 'samiec', 2, 'o095'),
(273, 'szpic włoski', 3, 'samica', 2, 'o101'),
(274, 'buldog angielski', 3, 'samiec', 0, 'o118'),
(275, 'terier czeski', 2, 'samica', 4, 'o096'),
(276, 'owczarek niemiecki', 3, 'samiec', 3, 'o043'),
(277, 'sznaucer miniaturowy', 4, 'samica', 1, 'o082'),
(278, 'pudel miniaturowy', 3, 'samiec', 4, 'o191'),
(279, 'cocker spaniel amerykański', 5, 'samiec', 3, 'o196'),
(280, 'alaskan malamute', 4, 'samiec', 0, 'o097'),
(281, 'owczarek kataloński', 4, 'samica', 3, 'o192'),
(282, 'owczarek kraski', 2, 'samica', 3, 'o034'),
(283, 'chart rosyjski', 3, 'samiec', 4, 'o108'),
(284, 'chart afgański', 5, 'samica', 0, 'o155'),
(285, 'wyżeł włoski krótkowłosy', 4, 'samica', 0, 'o010'),
(286, 'wyżeł węgierski szorstkowłosy', 3, 'samica', 1, 'o034'),
(287, 'mops', 5, 'samiec', 4, 'o012'),
(288, 'cocker spaniel angielski', 3, 'samica', 2, 'o007'),
(289, 'komondor', 5, 'samica', 0, 'o090'),
(290, 'bernardyn krótkowłosy', 4, 'samiec', 3, 'o035'),
(291, 'owczarek szkocki krótkowłosy', 4, 'samiec', 3, 'o160'),
(292, 'terier czeski', 4, 'samiec', 2, 'o086'),
(293, 'wyżeł węgierski szorstkowłosy', 3, 'samica', 2, 'o126'),
(294, 'labrador retriever', 4, 'samiec', 0, 'o187'),
(295, 'owczarek szetlandzki', 4, 'samiec', 3, 'o027'),
(296, 'owczarek kaukaski', 2, 'samica', 0, 'o090'),
(297, 'sznaucer olbrzym', 4, 'samica', 3, 'o191'),
(298, 'terier szkocki', 3, 'samiec', 0, 'o037'),
(299, 'wyżeł włoski krótkowłosy', 5, 'samica', 4, 'o109'),
(300, 'alaskan malamute', 5, 'samica', 2, 'o099'),
(301, 'wyżeł węgierski szorstkowłosy', 5, 'samiec', 4, 'o171'),
(302, 'jamnik szorstkowłosy', 1, 'samica', 4, 'o102'),
(303, 'terier walijski', 3, 'samiec', 0, 'o122'),
(304, 'seter irlandzki', 4, 'samica', 4, 'o180'),
(305, 'chart węgierski', 4, 'samica', 2, 'o046'),
(306, 'wyżeł niemiecki szorstkowłosy', 3, 'samiec', 3, 'o180'),
(307, 'cocker spaniel amerykański', 1, 'samica', 4, 'o195'),
(308, 'labrador retriever', 1, 'samica', 3, 'o040'),
(309, 'chihuahua', 1, 'samiec', 3, 'o069'),
(310, 'polski owczarek nizinny', 2, 'samiec', 1, 'o104'),
(311, 'seter irlandzki', 4, 'samica', 3, 'o022'),
(312, 'wyżeł węgierski szorstkowłosy', 2, 'samiec', 1, 'o102'),
(313, 'bernardyn długowłosy', 1, 'samica', 1, 'o112'),
(314, 'pudel duży', 4, 'samiec', 4, 'o097'),
(315, 'terier tybetański', 1, 'samiec', 1, 'o124'),
(316, 'dog niemiecki', 3, 'samiec', 4, 'o199'),
(317, 'wyżeł włoski krótkowłosy', 4, 'samiec', 0, 'o040'),
(318, 'terier walijski', 1, 'samiec', 2, 'o094'),
(319, 'wyżeł włoski szorstkowłosy', 5, 'samica', 1, 'o147'),
(320, 'bosker', 2, 'samiec', 1, 'o177'),
(321, 'pekińczyk', 2, 'samiec', 2, 'o021'),
(322, 'wyżeł włoski krótkowłosy', 2, 'samica', 3, 'o060'),
(323, 'owczarek szetlandzki', 4, 'samiec', 4, 'o052'),
(324, 'seter angielski', 5, 'samiec', 0, 'o120'),
(325, 'bosker', 1, 'samica', 3, 'o112'),
(326, 'pudel miniaturowy', 4, 'samiec', 2, 'o191'),
(327, 'owczarek holenderski', 2, 'samiec', 0, 'o042'),
(328, 'terier tybetański', 3, 'samica', 0, 'o036'),
(329, 'buldog francuski', 5, 'samiec', 0, 'o057'),
(330, 'owczarek kaukaski', 5, 'samica', 2, 'o074'),
(331, 'pudel miniaturowy', 3, 'samica', 0, 'o145'),
(332, 'polski owczarek nizinny', 1, 'samica', 3, 'o180'),
(333, 'terier szkocki', 3, 'samica', 3, 'o133'),
(334, 'chart hiszpański', 1, 'samica', 0, 'o129'),
(335, 'buldog francuski', 2, 'samiec', 0, 'o152'),
(336, 'terier tybetański', 3, 'samica', 0, 'o142'),
(337, 'wyżeł węgierski krótkowłosy', 1, 'samiec', 3, 'o107'),
(338, 'pekińczyk', 5, 'samica', 1, 'o132'),
(339, 'bulterier', 4, 'samica', 4, 'o096'),
(340, 'owczarek szkocki długowłosy', 4, 'samiec', 3, 'o139'),
(341, 'wyżeł niemiecki szorstkowłosy', 2, 'samica', 3, 'o118'),
(342, 'bernardyn krótkowłosy', 4, 'samiec', 1, 'o083'),
(343, 'seter szkocki', 1, 'samica', 4, 'o016'),
(344, 'bulterier', 5, 'samica', 0, 'o092'),
(345, 'owczarek podhalański', 3, 'samica', 2, 'o016'),
(346, 'mops', 5, 'samica', 3, 'o144'),
(347, 'pudel miniaturowy', 4, 'samiec', 0, 'o133'),
(348, 'sznaucer miniaturowy', 3, 'samiec', 2, 'o131'),
(349, 'chart szkocki', 2, 'samiec', 2, 'o162'),
(350, 'wyżeł węgierski szorstkowłosy', 2, 'samiec', 3, 'o131'),
(351, 'terier australijski', 2, 'samica', 1, 'o016'),
(352, 'szpic miniaturowy', 2, 'samica', 2, 'o169'),
(353, 'owczarek kaukaski', 2, 'samiec', 1, 'o138'),
(354, 'dog argentyński', 2, 'samica', 1, 'o127'),
(355, 'pudel duży', 4, 'samiec', 3, 'o021'),
(356, 'komondor', 4, 'samiec', 1, 'o101'),
(357, 'chart hiszpański', 2, 'samiec', 2, 'o080'),
(358, 'terier tybetański', 3, 'samica', 2, 'o175'),
(359, 'chihuahua', 1, 'samica', 3, 'o049'),
(360, 'owczarek holenderski', 3, 'samica', 1, 'o060'),
(361, 'terier irlandzki', 2, 'samica', 1, 'o123'),
(362, 'cocker spaniel amerykański', 4, 'samiec', 2, 'o118'),
(363, 'seter angielski', 3, 'samica', 2, 'o079'),
(364, 'dog argentyński', 5, 'samiec', 0, 'o077'),
(365, 'jamnik długowłosy', 1, 'samiec', 3, 'o073'),
(366, 'seter irlandzki', 1, 'samica', 2, 'o142'),
(367, 'mops', 4, 'samica', 4, 'o037'),
(368, 'buldog francuski', 2, 'samica', 4, 'o044'),
(369, 'owczarek szetlandzki', 4, 'samiec', 1, 'o118'),
(370, 'chart rosyjski', 5, 'samiec', 4, 'o162'),
(371, 'jamnik szorstkowłosy', 4, 'samica', 1, 'o012'),
(372, 'wyżeł niemiecki długowłosy', 1, 'samiec', 0, 'o183'),
(373, 'sznaucer olbrzym', 5, 'samica', 1, 'o020'),
(374, 'wyżeł niemiecki szorstkowłosy', 3, 'samiec', 0, 'o052'),
(375, 'chart perski', 2, 'samica', 0, 'o068'),
(376, 'bosker', 1, 'samiec', 4, 'o034'),
(377, 'szpic miniaturowy', 3, 'samiec', 0, 'o064'),
(378, 'chart rosyjski', 1, 'samica', 2, 'o052'),
(379, 'bernardyn krótkowłosy', 3, 'samica', 4, 'o085'),
(380, 'sznaucer miniaturowy', 2, 'samiec', 2, 'o160'),
(381, 'chart rosyjski', 3, 'samiec', 3, 'o130'),
(382, 'terier szkocki', 2, 'samiec', 1, 'o179'),
(383, 'owczarek szkocki długowłosy', 5, 'samiec', 4, 'o011'),
(384, 'jamnik szorstkowłosy', 3, 'samiec', 4, 'o135'),
(385, 'mops', 4, 'samiec', 0, 'o044'),
(386, 'wyżeł niemiecki długowłosy', 3, 'samiec', 0, 'o089'),
(387, 'buldog francuski', 1, 'samiec', 3, 'o169'),
(388, 'terier walijski', 5, 'samica', 0, 'o097'),
(389, 'chart afgański', 4, 'samica', 3, 'o024'),
(390, 'wyżeł niemiecki krótkowłosy', 1, 'samica', 4, 'o190'),
(391, 'chart rosyjski', 1, 'samiec', 3, 'o066'),
(392, 'chart rosyjski', 2, 'samiec', 1, 'o046'),
(393, 'chart polski', 5, 'samiec', 3, 'o085'),
(394, 'pudel średni', 2, 'samiec', 3, 'o162'),
(395, 'owczarek szkocki długowłosy', 4, 'samica', 1, 'o148'),
(396, 'terier szkocki', 4, 'samiec', 0, 'o077'),
(397, 'chart perski', 5, 'samica', 1, 'o055'),
(398, 'owczarek kataloński', 5, 'samica', 3, 'o159'),
(399, 'doberman', 5, 'samiec', 4, 'o026'),
(400, 'owczarek szkocki krótkowłosy', 1, 'samiec', 4, 'o185'),
(401, 'pudel średni', 5, 'samica', 2, 'o062'),
(402, 'terier szkocki', 2, 'samiec', 3, 'o079'),
(403, 'cocker spaniel angielski', 2, 'samica', 1, 'o167'),
(404, 'wyżeł niemiecki długowłosy', 4, 'samica', 2, 'o176'),
(405, 'terier australijski', 2, 'samica', 4, 'o001'),
(406, 'owczarek niemiecki', 5, 'samiec', 3, 'o098'),
(407, 'seter angielski', 3, 'samiec', 4, 'o051'),
(408, 'pudel miniaturowy', 5, 'samiec', 3, 'o154'),
(409, 'chart afgański', 1, 'samiec', 2, 'o045'),
(410, 'wyżeł węgierski szorstkowłosy', 3, 'samica', 3, 'o059'),
(411, 'sznaucer olbrzym', 5, 'samiec', 4, 'o160'),
(412, 'chart polski', 3, 'samica', 4, 'o174'),
(413, 'chart szkocki', 3, 'samiec', 0, 'o046'),
(414, 'pudel średni', 5, 'samiec', 2, 'o171'),
(415, 'dog argentyński', 1, 'samica', 2, 'o189'),
(416, 'terier australijski', 1, 'samica', 4, 'o084'),
(417, 'foksterier szorstkowłosy', 3, 'samica', 0, 'o194'),
(418, 'owczarek niemiecki', 1, 'samiec', 1, 'o041'),
(419, 'terier australijski', 5, 'samica', 4, 'o191'),
(420, 'cocker spaniel amerykański', 2, 'samiec', 2, 'o115'),
(421, 'owczarek szetlandzki', 2, 'samiec', 1, 'o134'),
(422, 'bulterier', 2, 'samica', 4, 'o118'),
(423, 'pudel miniaturowy', 3, 'samica', 1, 'o044'),
(424, 'owczarek holenderski', 1, 'samica', 3, 'o085'),
(425, 'bosker', 4, 'samica', 1, 'o131'),
(426, 'pudel duży', 1, 'samiec', 1, 'o054'),
(427, 'wyżeł węgierski krótkowłosy', 4, 'samiec', 0, 'o002'),
(428, 'terier tybetański', 1, 'samiec', 2, 'o055'),
(429, 'sznaucer olbrzym', 2, 'samiec', 0, 'o155'),
(430, 'pudel miniaturowy', 3, 'samiec', 2, 'o196'),
(431, 'buldog angielski', 1, 'samiec', 2, 'o132'),
(432, 'bulterier', 5, 'samiec', 4, 'o020'),
(433, 'wyżeł włoski szorstkowłosy', 2, 'samica', 4, 'o017'),
(434, 'pudel średni', 2, 'samica', 0, 'o124'),
(435, 'szpic niemiecki', 4, 'samica', 2, 'o072'),
(436, 'owczarek szetlandzki', 5, 'samica', 4, 'o021'),
(437, 'dog kanaryjski', 1, 'samiec', 4, 'o165'),
(438, 'seter irlandzki', 1, 'samiec', 1, 'o146'),
(439, 'terier szkocki', 2, 'samica', 0, 'o137'),
(440, 'dalmatyńczyk', 2, 'samica', 1, 'o105'),
(441, 'owczarek kaukaski', 2, 'samiec', 0, 'o106'),
(442, 'owczarek kraski', 1, 'samiec', 0, 'o033'),
(443, 'bosker', 1, 'samiec', 0, 'o092'),
(444, 'komondor', 5, 'samica', 1, 'o150'),
(445, 'foksterier krótkowłosy', 2, 'samica', 1, 'o156'),
(446, 'szpic miniaturowy', 5, 'samica', 0, 'o177'),
(447, 'jamnik szorstkowłosy', 1, 'samiec', 4, 'o144'),
(448, 'terier walijski', 3, 'samica', 1, 'o038'),
(449, 'szpic fiński', 2, 'samica', 3, 'o096'),
(450, 'jamnik długowłosy', 5, 'samica', 1, 'o082'),
(451, 'terier szkocki', 2, 'samica', 3, 'o128'),
(452, 'chart afgański', 1, 'samiec', 2, 'o101'),
(453, 'seter angielski', 2, 'samica', 3, 'o192'),
(454, 'dog kanaryjski', 2, 'samiec', 1, 'o008'),
(455, 'dog argentyński', 3, 'samica', 0, 'o124'),
(456, 'buldog angielski', 2, 'samiec', 0, 'o170'),
(457, 'chart perski', 4, 'samica', 1, 'o170'),
(458, 'owczarek szkocki długowłosy', 4, 'samiec', 0, 'o093'),
(459, 'dog argentyński', 5, 'samiec', 2, 'o024'),
(460, 'pudel miniaturowy', 4, 'samica', 0, 'o026'),
(461, 'chart węgierski', 1, 'samica', 4, 'o100'),
(462, 'alaskan malamute', 1, 'samiec', 1, 'o117'),
(463, 'dog kanaryjski', 3, 'samiec', 2, 'o082'),
(464, 'szpic fiński', 1, 'samica', 4, 'o055'),
(465, 'polski owczarek nizinny', 5, 'samica', 3, 'o117'),
(466, 'chart afgański', 3, 'samiec', 1, 'o154'),
(467, 'chart afgański', 3, 'samica', 0, 'o144'),
(468, 'bernardyn długowłosy', 4, 'samica', 1, 'o154'),
(469, 'owczarek szkocki długowłosy', 5, 'samiec', 1, 'o107'),
(470, 'terier tybetański', 2, 'samiec', 3, 'o168'),
(471, 'pudel duży', 2, 'samica', 2, 'o164'),
(472, 'owczarek kataloński', 4, 'samica', 2, 'o121'),
(473, 'dog niemiecki', 5, 'samica', 2, 'o048'),
(474, 'buldog angielski', 2, 'samiec', 1, 'o191'),
(475, 'owczarek holenderski', 5, 'samica', 3, 'o018'),
(476, 'chart polski', 4, 'samiec', 0, 'o115'),
(477, 'cocker spaniel amerykański', 1, 'samica', 0, 'o052'),
(478, 'dalmatyńczyk', 1, 'samica', 3, 'o105'),
(479, 'owczarek holenderski', 4, 'samiec', 0, 'o058'),
(480, 'bulterier', 1, 'samica', 1, 'o173'),
(481, 'dog kanaryjski', 5, 'samiec', 0, 'o147'),
(482, 'wyżeł włoski szorstkowłosy', 3, 'samica', 1, 'o146'),
(483, 'wyżeł niemiecki krótkowłosy', 4, 'samica', 1, 'o164'),
(484, 'cocker spaniel amerykański', 4, 'samiec', 0, 'o036'),
(485, 'chart rosyjski', 1, 'samiec', 3, 'o009'),
(486, 'szpic fiński', 1, 'samiec', 1, 'o067'),
(487, 'cocker spaniel amerykański', 1, 'samica', 1, 'o036'),
(488, 'komondor', 2, 'samiec', 2, 'o104'),
(489, 'chart afgański', 1, 'samica', 4, 'o192'),
(490, 'jamnik długowłosy', 2, 'samica', 1, 'o093'),
(491, 'wyżeł niemiecki długowłosy', 4, 'samica', 2, 'o075'),
(492, 'dog niemiecki', 3, 'samica', 0, 'o115'),
(493, 'chart szkocki', 1, 'samica', 2, 'o107'),
(494, 'owczarek szkocki długowłosy', 4, 'samiec', 4, 'o101'),
(495, 'chart węgierski', 4, 'samica', 0, 'o088'),
(496, 'terier szkocki', 4, 'samica', 4, 'o028'),
(497, 'cocker spaniel amerykański', 2, 'samiec', 1, 'o191'),
(498, 'jamnik szorstkowłosy', 2, 'samica', 1, 'o028'),
(499, 'terier walijski', 4, 'samica', 3, 'o014'),
(500, 'chart afgański', 2, 'samiec', 3, 'o165'),
(501, 'wyżeł węgierski szorstkowłosy', 4, 'samiec', 1, 'o060'),
(502, 'szpic niemiecki', 4, 'samiec', 0, 'o032'),
(503, 'terier australijski', 2, 'samica', 3, 'o156'),
(504, 'labrador retriever', 3, 'samica', 2, 'o098'),
(505, 'owczarek kataloński', 5, 'samiec', 2, 'o034'),
(506, 'chihuahua', 5, 'samiec', 4, 'o055'),
(507, 'chihuahua', 5, 'samica', 1, 'o040'),
(508, 'chart rosyjski', 4, 'samica', 0, 'o183'),
(509, 'wyżeł węgierski szorstkowłosy', 5, 'samica', 3, 'o186'),
(510, 'buldog angielski', 2, 'samica', 3, 'o090'),
(511, 'bosker', 1, 'samiec', 1, 'o162'),
(512, 'foksterier krótkowłosy', 1, 'samica', 4, 'o048'),
(513, 'jamnik krótkowłosy', 2, 'samiec', 2, 'o045'),
(514, 'wyżeł włoski szorstkowłosy', 5, 'samiec', 3, 'o074'),
(515, 'owczarek podhalański', 1, 'samica', 1, 'o145'),
(516, 'owczarek kaukaski', 4, 'samiec', 3, 'o014'),
(517, 'buldog angielski', 2, 'samica', 1, 'o021'),
(518, 'owczarek kaukaski', 1, 'samica', 0, 'o026'),
(519, 'owczarek kataloński', 2, 'samica', 3, 'o058'),
(520, 'sznaucer olbrzym', 3, 'samica', 3, 'o186'),
(521, 'owczarek szetlandzki', 4, 'samica', 1, 'o141'),
(522, 'cocker spaniel amerykański', 3, 'samica', 1, 'o151'),
(523, 'terier czeski', 3, 'samiec', 4, 'o033'),
(524, 'dalmatyńczyk', 4, 'samica', 0, 'o150'),
(525, 'owczarek kraski', 1, 'samica', 2, 'o094'),
(526, 'owczarek podhalański', 1, 'samiec', 0, 'o197'),
(527, 'terier australijski', 3, 'samiec', 3, 'o131'),
(528, 'pekińczyk', 3, 'samiec', 2, 'o159'),
(529, 'owczarek niemiecki', 2, 'samica', 1, 'o005'),
(530, 'wyżeł niemiecki szorstkowłosy', 4, 'samiec', 0, 'o040'),
(531, 'chart perski', 5, 'samiec', 0, 'o112'),
(532, 'szpic fiński', 1, 'samiec', 4, 'o171'),
(533, 'buldog francuski', 5, 'samiec', 3, 'o170'),
(534, 'chart hiszpański', 2, 'samica', 0, 'o168'),
(535, 'chart polski', 5, 'samica', 4, 'o146'),
(536, 'owczarek kaukaski', 1, 'samica', 2, 'o038'),
(537, 'owczarek kaukaski', 5, 'samiec', 2, 'o048'),
(538, 'terier walijski', 4, 'samiec', 1, 'o058'),
(539, 'bernardyn krótkowłosy', 4, 'samiec', 1, 'o185'),
(540, 'owczarek kraski', 2, 'samica', 1, 'o062'),
(541, 'pekińczyk', 3, 'samiec', 2, 'o197'),
(542, 'seter irlandzki', 3, 'samica', 3, 'o165'),
(543, 'bernardyn krótkowłosy', 4, 'samica', 3, 'o122'),
(544, 'foksterier szorstkowłosy', 5, 'samica', 1, 'o036'),
(545, 'komondor', 5, 'samica', 3, 'o173'),
(546, 'owczarek środkowoazjatycki', 3, 'samica', 3, 'o148'),
(547, 'chart perski', 4, 'samiec', 2, 'o121'),
(548, 'dog argentyński', 3, 'samiec', 1, 'o021'),
(549, 'chart szkocki', 1, 'samica', 0, 'o155'),
(550, 'dog niemiecki', 1, 'samica', 4, 'o159'),
(551, 'rottweiler', 1, 'samica', 3, 'o030'),
(552, 'dog argentyński', 1, 'samica', 3, 'o038'),
(553, 'chart perski', 2, 'samiec', 1, 'o196'),
(554, 'chart hiszpański', 1, 'samiec', 1, 'o063'),
(555, 'chart afgański', 3, 'samiec', 3, 'o133'),
(556, 'chart polski', 3, 'samica', 0, 'o039'),
(557, 'chart polski', 2, 'samiec', 4, 'o006'),
(558, 'terier czeski', 2, 'samica', 1, 'o158'),
(559, 'pudel duży', 4, 'samica', 2, 'o164'),
(560, 'pudel duży', 2, 'samica', 4, 'o085'),
(561, 'owczarek szetlandzki', 5, 'samiec', 1, 'o157'),
(562, 'szpic miniaturowy', 5, 'samiec', 3, 'o073'),
(563, 'owczarek szkocki długowłosy', 1, 'samiec', 2, 'o192'),
(564, 'terier szkocki', 3, 'samica', 0, 'o190'),
(565, 'jamnik długowłosy', 5, 'samiec', 0, 'o043'),
(566, 'foksterier szorstkowłosy', 1, 'samica', 0, 'o090'),
(567, 'owczarek holenderski', 4, 'samica', 4, 'o084'),
(568, 'owczarek szkocki długowłosy', 4, 'samica', 2, 'o186'),
(569, 'terier szkocki', 5, 'samiec', 0, 'o096'),
(570, 'terier szkocki', 5, 'samica', 2, 'o181'),
(571, 'wyżeł włoski krótkowłosy', 2, 'samiec', 4, 'o053'),
(572, 'jamnik krótkowłosy', 2, 'samiec', 2, 'o014'),
(573, 'seter szkocki', 3, 'samiec', 0, 'o137'),
(574, 'jamnik szorstkowłosy', 2, 'samica', 3, 'o081'),
(575, 'terier czeski', 5, 'samica', 2, 'o134'),
(576, 'bosker', 3, 'samica', 0, 'o131'),
(577, 'wyżeł niemiecki krótkowłosy', 4, 'samiec', 0, 'o067'),
(578, 'chart hiszpański', 4, 'samica', 2, 'o175'),
(579, 'chihuahua', 2, 'samiec', 1, 'o192'),
(580, 'foksterier szorstkowłosy', 5, 'samica', 1, 'o027'),
(581, 'komondor', 1, 'samica', 2, 'o145'),
(582, 'terier szkocki', 3, 'samica', 1, 'o141'),
(583, 'seter szkocki', 4, 'samica', 1, 'o149'),
(584, 'szpic miniaturowy', 5, 'samica', 0, 'o133'),
(585, 'szpic niemiecki', 1, 'samica', 4, 'o069'),
(586, 'jamnik krótkowłosy', 1, 'samica', 4, 'o081'),
(587, 'bernardyn długowłosy', 5, 'samica', 1, 'o026'),
(588, 'chart polski', 5, 'samica', 3, 'o128'),
(589, 'jamnik szorstkowłosy', 4, 'samiec', 4, 'o149'),
(590, 'sznaucer olbrzym', 2, 'samica', 3, 'o174'),
(591, 'owczarek kataloński', 1, 'samiec', 3, 'o127'),
(592, 'pekińczyk', 1, 'samica', 2, 'o055'),
(593, 'chart węgierski', 3, 'samica', 3, 'o077'),
(594, 'owczarek kaukaski', 1, 'samiec', 1, 'o080'),
(595, 'chart hiszpański', 4, 'samica', 3, 'o003'),
(596, 'foksterier szorstkowłosy', 4, 'samiec', 3, 'o015'),
(597, 'terier australijski', 4, 'samica', 2, 'o198'),
(598, 'terier szkocki', 4, 'samica', 3, 'o159'),
(599, 'seter szkocki', 5, 'samica', 2, 'o030'),
(600, 'dog kanaryjski', 2, 'samica', 4, 'o111'),
(601, 'wyżeł włoski szorstkowłosy', 3, 'samiec', 3, 'o102'),
(602, 'cocker spaniel amerykański', 5, 'samica', 1, 'o099'),
(603, 'jamnik długowłosy', 4, 'samica', 4, 'o058'),
(604, 'jamnik krótkowłosy', 1, 'samiec', 4, 'o180'),
(605, 'sznaucer miniaturowy', 4, 'samica', 4, 'o111'),
(606, 'szpic niemiecki', 1, 'samica', 1, 'o091'),
(607, 'jamnik długowłosy', 4, 'samica', 1, 'o066'),
(608, 'foksterier krótkowłosy', 3, 'samiec', 3, 'o123'),
(609, 'dog argentyński', 5, 'samiec', 2, 'o142'),
(610, 'wyżeł niemiecki krótkowłosy', 4, 'samiec', 1, 'o172'),
(611, 'owczarek szkocki długowłosy', 1, 'samiec', 1, 'o032'),
(612, 'owczarek kraski', 4, 'samiec', 1, 'o118'),
(613, 'wyżeł niemiecki krótkowłosy', 2, 'samiec', 4, 'o166'),
(614, 'foksterier szorstkowłosy', 2, 'samiec', 3, 'o019'),
(615, 'sznaucer miniaturowy', 1, 'samica', 1, 'o006'),
(616, 'pudel miniaturowy', 2, 'samiec', 3, 'o094'),
(617, 'jamnik szorstkowłosy', 3, 'samiec', 2, 'o076'),
(618, 'bosker', 3, 'samica', 3, 'o173'),
(619, 'owczarek środkowoazjatycki', 4, 'samica', 0, 'o098'),
(620, 'sznaucer olbrzym', 5, 'samica', 4, 'o077'),
(621, 'terier szkocki', 3, 'samiec', 0, 'o054'),
(622, 'pudel duży', 3, 'samica', 1, 'o172'),
(623, 'alaskan malamute', 1, 'samica', 4, 'o027'),
(624, 'pudel duży', 4, 'samiec', 3, 'o070'),
(625, 'buldog francuski', 3, 'samica', 1, 'o115'),
(626, 'seter irlandzki', 4, 'samiec', 3, 'o056'),
(627, 'bulterier', 2, 'samiec', 3, 'o137'),
(628, 'chart polski', 3, 'samiec', 3, 'o019'),
(629, 'seter irlandzki', 4, 'samica', 4, 'o065'),
(630, 'chart szkocki', 3, 'samica', 3, 'o026'),
(631, 'terier irlandzki', 5, 'samiec', 0, 'o105'),
(632, 'chart hiszpański', 1, 'samica', 2, 'o180'),
(633, 'owczarek holenderski', 5, 'samiec', 4, 'o032'),
(634, 'pekińczyk', 4, 'samiec', 0, 'o137'),
(635, 'dog argentyński', 2, 'samica', 0, 'o185'),
(636, 'cocker spaniel amerykański', 5, 'samica', 0, 'o136'),
(637, 'wyżeł włoski krótkowłosy', 3, 'samica', 3, 'o172'),
(638, 'dog kanaryjski', 2, 'samiec', 3, 'o089'),
(639, 'szpic miniaturowy', 4, 'samiec', 2, 'o093'),
(640, 'cocker spaniel angielski', 2, 'samica', 0, 'o169'),
(641, 'wyżeł niemiecki długowłosy', 3, 'samiec', 4, 'o101'),
(642, 'bosker', 5, 'samiec', 0, 'o106'),
(643, 'owczarek holenderski', 2, 'samica', 2, 'o101'),
(644, 'sznaucer miniaturowy', 5, 'samica', 1, 'o153'),
(645, 'szpic włoski', 4, 'samiec', 1, 'o027'),
(646, 'wyżeł niemiecki długowłosy', 3, 'samiec', 3, 'o059'),
(647, 'szpic miniaturowy', 4, 'samiec', 4, 'o198'),
(648, 'wyżeł niemiecki szorstkowłosy', 1, 'samica', 4, 'o033'),
(649, 'komondor', 3, 'samica', 2, 'o122'),
(650, 'owczarek kataloński', 1, 'samiec', 4, 'o139'),
(651, 'terier australijski', 2, 'samica', 0, 'o033'),
(652, 'seter angielski', 2, 'samica', 2, 'o010'),
(653, 'bernardyn krótkowłosy', 1, 'samica', 3, 'o067'),
(654, 'wyżeł niemiecki długowłosy', 3, 'samiec', 2, 'o020'),
(655, 'dog argentyński', 3, 'samica', 1, 'o024'),
(656, 'foksterier krótkowłosy', 2, 'samica', 0, 'o005'),
(657, 'cocker spaniel angielski', 5, 'samica', 4, 'o149'),
(658, 'cocker spaniel angielski', 1, 'samica', 3, 'o104'),
(659, 'owczarek środkowoazjatycki', 1, 'samica', 0, 'o129'),
(660, 'dog niemiecki', 3, 'samica', 2, 'o058'),
(661, 'owczarek szetlandzki', 3, 'samiec', 4, 'o128'),
(662, 'pekińczyk', 3, 'samica', 4, 'o172'),
(663, 'owczarek szkocki długowłosy', 2, 'samica', 1, 'o182'),
(664, 'owczarek podhalański', 2, 'samiec', 3, 'o185'),
(665, 'jamnik szorstkowłosy', 3, 'samica', 2, 'o063'),
(666, 'foksterier krótkowłosy', 1, 'samiec', 1, 'o093'),
(667, 'sznaucer miniaturowy', 5, 'samica', 0, 'o180'),
(668, 'foksterier krótkowłosy', 4, 'samiec', 1, 'o187'),
(669, 'wyżeł węgierski krótkowłosy', 2, 'samiec', 3, 'o099'),
(670, 'foksterier szorstkowłosy', 3, 'samiec', 0, 'o175'),
(671, 'sznaucer olbrzym', 4, 'samica', 0, 'o198'),
(672, 'pekińczyk', 1, 'samica', 3, 'o142'),
(673, 'terier irlandzki', 2, 'samica', 4, 'o114'),
(674, 'bulterier', 4, 'samica', 2, 'o045'),
(675, 'szpic włoski', 3, 'samiec', 0, 'o010'),
(676, 'buldog francuski', 5, 'samica', 2, 'o194'),
(677, 'bernardyn krótkowłosy', 5, 'samica', 3, 'o077'),
(678, 'pudel średni', 3, 'samiec', 3, 'o137'),
(679, 'foksterier szorstkowłosy', 5, 'samiec', 1, 'o075'),
(680, 'seter szkocki', 2, 'samiec', 2, 'o187'),
(681, 'labrador retriever', 1, 'samica', 3, 'o033'),
(682, 'wyżeł niemiecki krótkowłosy', 3, 'samica', 1, 'o189'),
(683, 'mops', 2, 'samica', 3, 'o175'),
(684, 'foksterier szorstkowłosy', 5, 'samica', 3, 'o131'),
(685, 'szpic fiński', 5, 'samiec', 0, 'o077'),
(686, 'bulterier', 2, 'samica', 0, 'o057'),
(687, 'foksterier szorstkowłosy', 3, 'samica', 4, 'o045'),
(688, 'owczarek podhalański', 5, 'samiec', 2, 'o141'),
(689, 'owczarek środkowoazjatycki', 1, 'samiec', 4, 'o113'),
(690, 'owczarek środkowoazjatycki', 1, 'samica', 0, 'o135'),
(691, 'owczarek kaukaski', 5, 'samica', 1, 'o032'),
(692, 'cocker spaniel amerykański', 3, 'samica', 4, 'o146'),
(693, 'dog kanaryjski', 1, 'samiec', 0, 'o002'),
(694, 'dog kanaryjski', 5, 'samiec', 3, 'o178'),
(695, 'owczarek szkocki krótkowłosy', 2, 'samiec', 3, 'o180'),
(696, 'szpic miniaturowy', 5, 'samica', 0, 'o053'),
(697, 'owczarek kataloński', 5, 'samica', 4, 'o195'),
(698, 'dalmatyńczyk', 5, 'samiec', 4, 'o163'),
(699, 'rottweiler', 5, 'samica', 1, 'o187'),
(700, 'owczarek podhalański', 2, 'samica', 3, 'o121'),
(701, 'owczarek szetlandzki', 1, 'samica', 2, 'o123'),
(702, 'buldog angielski', 3, 'samiec', 3, 'o179'),
(703, 'buldog angielski', 5, 'samica', 3, 'o185'),
(704, 'terier australijski', 5, 'samica', 1, 'o137'),
(705, 'chart perski', 2, 'samica', 3, 'o103'),
(706, 'bernardyn długowłosy', 2, 'samica', 4, 'o060'),
(707, 'chart polski', 5, 'samica', 1, 'o023'),
(708, 'szpic niemiecki', 4, 'samiec', 2, 'o021'),
(709, 'owczarek podhalański', 3, 'samiec', 4, 'o016'),
(710, 'foksterier szorstkowłosy', 5, 'samica', 0, 'o069'),
(711, 'alaskan malamute', 3, 'samiec', 4, 'o025'),
(712, 'szpic włoski', 2, 'samica', 1, 'o074'),
(713, 'terier australijski', 3, 'samiec', 4, 'o045'),
(714, 'doberman', 5, 'samica', 2, 'o139'),
(715, 'chihuahua', 1, 'samica', 1, 'o188'),
(716, 'wyżeł włoski szorstkowłosy', 1, 'samiec', 2, 'o115'),
(717, 'bosker', 1, 'samiec', 4, 'o115'),
(718, 'chart węgierski', 3, 'samica', 0, 'o016'),
(719, 'terier czeski', 3, 'samiec', 3, 'o173'),
(720, 'polski owczarek nizinny', 2, 'samica', 2, 'o170'),
(721, 'owczarek holenderski', 2, 'samica', 4, 'o009'),
(722, 'chart hiszpański', 5, 'samica', 0, 'o167'),
(723, 'alaskan malamute', 2, 'samiec', 2, 'o081'),
(724, 'chart rosyjski', 2, 'samica', 2, 'o024'),
(725, 'chart węgierski', 1, 'samica', 2, 'o198'),
(726, 'cocker spaniel amerykański', 2, 'samiec', 2, 'o154'),
(727, 'owczarek holenderski', 2, 'samiec', 4, 'o142'),
(728, 'foksterier krótkowłosy', 5, 'samica', 1, 'o003'),
(729, 'komondor', 1, 'samica', 0, 'o078'),
(730, 'komondor', 2, 'samica', 1, 'o159'),
(731, 'wyżeł niemiecki długowłosy', 4, 'samiec', 2, 'o023'),
(732, 'labrador retriever', 2, 'samiec', 3, 'o132'),
(733, 'chart perski', 3, 'samica', 3, 'o168'),
(734, 'wyżeł włoski szorstkowłosy', 1, 'samiec', 4, 'o118'),
(735, 'terier walijski', 5, 'samica', 3, 'o110'),
(736, 'doberman', 3, 'samica', 0, 'o037'),
(737, 'foksterier szorstkowłosy', 1, 'samiec', 4, 'o011'),
(738, 'owczarek środkowoazjatycki', 1, 'samica', 1, 'o007'),
(739, 'dog argentyński', 5, 'samiec', 1, 'o145'),
(740, 'jamnik krótkowłosy', 3, 'samiec', 1, 'o145'),
(741, 'owczarek holenderski', 5, 'samica', 3, 'o068'),
(742, 'szpic włoski', 2, 'samiec', 2, 'o145'),
(743, 'chart hiszpański', 2, 'samiec', 0, 'o175'),
(744, 'szpic włoski', 4, 'samica', 1, 'o034'),
(745, 'chart polski', 1, 'samica', 3, 'o038'),
(746, 'pudel duży', 1, 'samiec', 2, 'o060'),
(747, 'foksterier krótkowłosy', 3, 'samiec', 2, 'o048'),
(748, 'buldog francuski', 4, 'samiec', 4, 'o084'),
(749, 'terier irlandzki', 4, 'samica', 3, 'o013'),
(750, 'seter angielski', 3, 'samiec', 3, 'o189'),
(751, 'polski owczarek nizinny', 1, 'samica', 3, 'o108'),
(752, 'chart węgierski', 3, 'samica', 0, 'o083'),
(753, 'buldog angielski', 3, 'samiec', 0, 'o029'),
(754, 'owczarek szkocki długowłosy', 4, 'samica', 0, 'o042'),
(755, 'chart polski', 1, 'samica', 1, 'o027'),
(756, 'owczarek kraski', 1, 'samiec', 3, 'o060'),
(757, 'chihuahua', 4, 'samica', 4, 'o059'),
(758, 'jamnik długowłosy', 5, 'samiec', 0, 'o152'),
(759, 'bosker', 5, 'samica', 3, 'o122'),
(760, 'chart hiszpański', 4, 'samiec', 2, 'o118'),
(761, 'chart węgierski', 3, 'samica', 0, 'o136'),
(762, 'szpic miniaturowy', 2, 'samica', 1, 'o031'),
(763, 'sznaucer miniaturowy', 1, 'samica', 0, 'o144'),
(764, 'sznaucer olbrzym', 3, 'samica', 2, 'o052'),
(765, 'chart rosyjski', 2, 'samiec', 2, 'o101'),
(766, 'wyżeł włoski krótkowłosy', 4, 'samiec', 1, 'o035'),
(767, 'mops', 2, 'samiec', 3, 'o019'),
(768, 'wyżeł niemiecki długowłosy', 5, 'samiec', 4, 'o086'),
(769, 'owczarek niemiecki', 3, 'samica', 3, 'o023'),
(770, 'bosker', 4, 'samica', 1, 'o092'),
(771, 'owczarek szkocki krótkowłosy', 3, 'samica', 1, 'o144'),
(772, 'owczarek szetlandzki', 4, 'samica', 4, 'o180'),
(773, 'pekińczyk', 5, 'samica', 4, 'o182'),
(774, 'owczarek szkocki krótkowłosy', 4, 'samica', 3, 'o039'),
(775, 'terier tybetański', 5, 'samica', 4, 'o144'),
(776, 'wyżeł włoski szorstkowłosy', 1, 'samiec', 0, 'o086'),
(777, 'owczarek szkocki krótkowłosy', 2, 'samiec', 2, 'o134'),
(778, 'owczarek kaukaski', 1, 'samiec', 1, 'o091'),
(779, 'wyżeł węgierski krótkowłosy', 5, 'samiec', 2, 'o035'),
(780, 'pekińczyk', 1, 'samiec', 4, 'o118'),
(781, 'chart hiszpański', 1, 'samica', 2, 'o060'),
(782, 'seter angielski', 1, 'samiec', 2, 'o006'),
(783, 'chart perski', 1, 'samiec', 4, 'o085'),
(784, 'seter irlandzki', 5, 'samica', 1, 'o005'),
(785, 'wyżeł włoski szorstkowłosy', 5, 'samiec', 2, 'o097'),
(786, 'pudel miniaturowy', 1, 'samiec', 3, 'o040'),
(787, 'komondor', 2, 'samiec', 4, 'o145'),
(788, 'alaskan malamute', 5, 'samica', 0, 'o002'),
(789, 'chart szkocki', 3, 'samica', 2, 'o028'),
(790, 'polski owczarek nizinny', 1, 'samiec', 3, 'o080'),
(791, 'wyżeł niemiecki długowłosy', 4, 'samica', 2, 'o200'),
(792, 'bulterier', 2, 'samica', 0, 'o066'),
(793, 'owczarek niemiecki', 5, 'samiec', 2, 'o074'),
(794, 'chart afgański', 2, 'samiec', 1, 'o146'),
(795, 'owczarek kaukaski', 5, 'samica', 0, 'o173'),
(796, 'wyżeł niemiecki szorstkowłosy', 2, 'samiec', 3, 'o193'),
(797, 'pekińczyk', 3, 'samiec', 0, 'o075'),
(798, 'rottweiler', 2, 'samiec', 4, 'o188'),
(799, 'pudel średni', 4, 'samiec', 4, 'o019'),
(800, 'terier australijski', 3, 'samiec', 2, 'o142'),
(801, 'bosker', 2, 'samica', 0, 'o072'),
(802, 'szpic niemiecki', 2, 'samiec', 1, 'o046'),
(803, 'wyżeł niemiecki krótkowłosy', 5, 'samiec', 2, 'o085'),
(804, 'seter szkocki', 1, 'samica', 3, 'o133'),
(805, 'dalmatyńczyk', 2, 'samiec', 1, 'o184'),
(806, 'pudel miniaturowy', 1, 'samiec', 3, 'o010'),
(807, 'polski owczarek nizinny', 4, 'samica', 2, 'o174'),
(808, 'terier walijski', 5, 'samiec', 2, 'o158'),
(809, 'chart perski', 3, 'samica', 2, 'o140'),
(810, 'pudel duży', 2, 'samiec', 0, 'o033'),
(811, 'wyżeł węgierski krótkowłosy', 1, 'samiec', 3, 'o183'),
(812, 'wyżeł włoski krótkowłosy', 1, 'samica', 0, 'o083'),
(813, 'szpic włoski', 3, 'samiec', 0, 'o174'),
(814, 'bernardyn krótkowłosy', 2, 'samiec', 3, 'o178'),
(815, 'foksterier szorstkowłosy', 3, 'samiec', 3, 'o177'),
(816, 'jamnik krótkowłosy', 1, 'samica', 3, 'o048'),
(817, 'dog argentyński', 5, 'samiec', 4, 'o011'),
(818, 'owczarek kataloński', 2, 'samiec', 0, 'o101'),
(819, 'wyżeł włoski krótkowłosy', 2, 'samiec', 4, 'o145'),
(820, 'seter angielski', 1, 'samiec', 0, 'o102'),
(821, 'komondor', 1, 'samiec', 0, 'o041'),
(822, 'labrador retriever', 3, 'samiec', 1, 'o131'),
(823, 'owczarek kataloński', 5, 'samiec', 3, 'o180'),
(824, 'owczarek szkocki krótkowłosy', 5, 'samica', 2, 'o173'),
(825, 'wyżeł włoski szorstkowłosy', 5, 'samiec', 2, 'o057'),
(826, 'chart hiszpański', 3, 'samica', 2, 'o145'),
(827, 'wyżeł węgierski szorstkowłosy', 3, 'samiec', 2, 'o033'),
(828, 'bulterier', 1, 'samica', 1, 'o070'),
(829, 'owczarek środkowoazjatycki', 3, 'samiec', 4, 'o082'),
(830, 'cocker spaniel amerykański', 1, 'samiec', 4, 'o105'),
(831, 'foksterier krótkowłosy', 5, 'samica', 0, 'o091'),
(832, 'foksterier krótkowłosy', 5, 'samiec', 0, 'o078'),
(833, 'wyżeł węgierski krótkowłosy', 2, 'samiec', 4, 'o057'),
(834, 'pudel miniaturowy', 3, 'samiec', 1, 'o177'),
(835, 'dalmatyńczyk', 3, 'samiec', 1, 'o185'),
(836, 'szpic niemiecki', 5, 'samica', 3, 'o012'),
(837, 'terier szkocki', 5, 'samica', 1, 'o043'),
(838, 'owczarek szkocki długowłosy', 2, 'samica', 3, 'o066'),
(839, 'alaskan malamute', 2, 'samiec', 3, 'o119'),
(840, 'foksterier szorstkowłosy', 3, 'samiec', 4, 'o155'),
(841, 'rottweiler', 3, 'samica', 4, 'o037'),
(842, 'owczarek kaukaski', 3, 'samica', 2, 'o181'),
(843, 'wyżeł węgierski krótkowłosy', 2, 'samica', 1, 'o086'),
(844, 'rottweiler', 2, 'samica', 1, 'o101'),
(845, 'pudel średni', 5, 'samiec', 0, 'o104'),
(846, 'wyżeł włoski krótkowłosy', 1, 'samica', 3, 'o019'),
(847, 'pekińczyk', 4, 'samiec', 1, 'o092'),
(848, 'szpic niemiecki', 3, 'samiec', 3, 'o110'),
(849, 'foksterier szorstkowłosy', 1, 'samica', 0, 'o200'),
(850, 'wyżeł włoski szorstkowłosy', 5, 'samica', 3, 'o035'),
(851, 'seter angielski', 5, 'samica', 4, 'o070'),
(852, 'owczarek szkocki długowłosy', 4, 'samiec', 2, 'o004'),
(853, 'labrador retriever', 5, 'samiec', 1, 'o070'),
(854, 'labrador retriever', 5, 'samica', 4, 'o111'),
(855, 'terier szkocki', 4, 'samiec', 4, 'o183'),
(856, 'sznaucer olbrzym', 4, 'samiec', 1, 'o043'),
(857, 'jamnik długowłosy', 3, 'samica', 0, 'o072'),
(858, 'bernardyn krótkowłosy', 3, 'samiec', 4, 'o076'),
(859, 'dalmatyńczyk', 1, 'samica', 1, 'o080'),
(860, 'szpic miniaturowy', 3, 'samiec', 0, 'o114'),
(861, 'owczarek środkowoazjatycki', 2, 'samiec', 3, 'o150'),
(862, 'szpic włoski', 2, 'samiec', 3, 'o104'),
(863, 'bernardyn długowłosy', 1, 'samiec', 4, 'o126'),
(864, 'szpic niemiecki', 2, 'samiec', 1, 'o185'),
(865, 'jamnik długowłosy', 4, 'samica', 0, 'o157'),
(866, 'owczarek kaukaski', 2, 'samiec', 2, 'o023'),
(867, 'owczarek szkocki długowłosy', 4, 'samiec', 4, 'o112'),
(868, 'pudel miniaturowy', 2, 'samiec', 1, 'o112'),
(869, 'polski owczarek nizinny', 3, 'samica', 4, 'o106'),
(870, 'terier szkocki', 4, 'samica', 2, 'o114'),
(871, 'pudel duży', 4, 'samica', 3, 'o148'),
(872, 'jamnik długowłosy', 1, 'samiec', 1, 'o067'),
(873, 'wyżeł włoski szorstkowłosy', 2, 'samiec', 3, 'o153'),
(874, 'dog argentyński', 1, 'samiec', 0, 'o155'),
(875, 'owczarek holenderski', 2, 'samiec', 0, 'o112'),
(876, 'sznaucer miniaturowy', 4, 'samica', 2, 'o046'),
(877, 'wyżeł węgierski krótkowłosy', 5, 'samica', 0, 'o097'),
(878, 'terier czeski', 4, 'samica', 0, 'o152'),
(879, 'terier szkocki', 1, 'samica', 2, 'o037'),
(880, 'chart szkocki', 3, 'samiec', 1, 'o113'),
(881, 'chart perski', 1, 'samiec', 4, 'o088'),
(882, 'labrador retriever', 5, 'samica', 4, 'o196'),
(883, 'chart afgański', 1, 'samiec', 4, 'o059'),
(884, 'chart rosyjski', 5, 'samiec', 4, 'o187'),
(885, 'wyżeł węgierski krótkowłosy', 5, 'samica', 0, 'o113'),
(886, 'jamnik długowłosy', 2, 'samica', 4, 'o104'),
(887, 'bosker', 2, 'samica', 0, 'o115'),
(888, 'seter irlandzki', 1, 'samiec', 1, 'o090'),
(889, 'jamnik krótkowłosy', 4, 'samiec', 3, 'o007'),
(890, 'bosker', 2, 'samiec', 3, 'o164'),
(891, 'wyżeł włoski szorstkowłosy', 4, 'samiec', 4, 'o109'),
(892, 'buldog francuski', 3, 'samica', 1, 'o053'),
(893, 'chart hiszpański', 2, 'samiec', 0, 'o138'),
(894, 'chart perski', 2, 'samiec', 0, 'o200'),
(895, 'bernardyn krótkowłosy', 3, 'samica', 2, 'o097'),
(896, 'cocker spaniel amerykański', 5, 'samica', 2, 'o003'),
(897, 'alaskan malamute', 4, 'samica', 0, 'o003'),
(898, 'wyżeł niemiecki długowłosy', 1, 'samiec', 3, 'o145'),
(899, 'doberman', 1, 'samiec', 3, 'o069'),
(900, 'bosker', 1, 'samiec', 4, 'o103'),
(901, 'bulterier', 3, 'samica', 4, 'o121'),
(902, 'rottweiler', 3, 'samiec', 3, 'o094'),
(903, 'seter szkocki', 4, 'samica', 1, 'o104'),
(904, 'alaskan malamute', 3, 'samiec', 4, 'o189'),
(905, 'buldog francuski', 3, 'samica', 1, 'o045'),
(906, 'terier czeski', 2, 'samica', 1, 'o020'),
(907, 'dog argentyński', 2, 'samica', 3, 'o153'),
(908, 'dog niemiecki', 5, 'samiec', 4, 'o114'),
(909, 'pudel średni', 3, 'samica', 4, 'o118'),
(910, 'polski owczarek nizinny', 4, 'samiec', 3, 'o029'),
(911, 'jamnik krótkowłosy', 3, 'samica', 3, 'o106'),
(912, 'terier australijski', 5, 'samiec', 4, 'o162'),
(913, 'szpic niemiecki', 2, 'samica', 1, 'o031'),
(914, 'wyżeł włoski krótkowłosy', 4, 'samica', 2, 'o160'),
(915, 'pudel miniaturowy', 1, 'samica', 2, 'o169'),
(916, 'owczarek kataloński', 4, 'samiec', 1, 'o002'),
(917, 'seter irlandzki', 1, 'samica', 2, 'o157'),
(918, 'owczarek szkocki krótkowłosy', 2, 'samica', 1, 'o133'),
(919, 'owczarek podhalański', 3, 'samiec', 3, 'o020'),
(920, 'terier szkocki', 2, 'samica', 2, 'o186'),
(921, 'chart rosyjski', 5, 'samica', 1, 'o064'),
(922, 'pudel duży', 4, 'samiec', 0, 'o078'),
(923, 'buldog angielski', 5, 'samiec', 3, 'o097'),
(924, 'bernardyn długowłosy', 1, 'samiec', 3, 'o180'),
(925, 'owczarek holenderski', 5, 'samica', 0, 'o126'),
(926, 'wyżeł węgierski szorstkowłosy', 3, 'samica', 1, 'o095'),
(927, 'terier szkocki', 1, 'samiec', 2, 'o049'),
(928, 'buldog angielski', 2, 'samiec', 3, 'o023'),
(929, 'seter angielski', 5, 'samica', 2, 'o057'),
(930, 'terier tybetański', 3, 'samica', 2, 'o147'),
(931, 'komondor', 5, 'samiec', 4, 'o075'),
(932, 'wyżeł niemiecki krótkowłosy', 1, 'samiec', 0, 'o016'),
(933, 'bulterier', 1, 'samica', 0, 'o165'),
(934, 'dalmatyńczyk', 1, 'samica', 1, 'o048'),
(935, 'owczarek podhalański', 5, 'samiec', 2, 'o108'),
(936, 'foksterier krótkowłosy', 2, 'samiec', 4, 'o040'),
(937, 'cocker spaniel angielski', 3, 'samiec', 1, 'o174'),
(938, 'seter szkocki', 2, 'samica', 0, 'o093'),
(939, 'pudel miniaturowy', 2, 'samiec', 2, 'o172'),
(940, 'chart perski', 3, 'samiec', 1, 'o167'),
(941, 'chart szkocki', 1, 'samiec', 3, 'o081'),
(942, 'wyżeł włoski szorstkowłosy', 2, 'samica', 3, 'o199'),
(943, 'szpic niemiecki', 5, 'samica', 1, 'o157'),
(944, 'buldog angielski', 5, 'samiec', 3, 'o151'),
(945, 'dog niemiecki', 3, 'samica', 3, 'o055'),
(946, 'terier tybetański', 1, 'samiec', 0, 'o158'),
(947, 'owczarek szkocki krótkowłosy', 3, 'samiec', 4, 'o008'),
(948, 'wyżeł węgierski szorstkowłosy', 4, 'samica', 2, 'o110'),
(949, 'owczarek kraski', 3, 'samiec', 0, 'o159'),
(950, 'labrador retriever', 3, 'samiec', 4, 'o179'),
(951, 'owczarek szkocki długowłosy', 1, 'samiec', 3, 'o047'),
(952, 'cocker spaniel amerykański', 4, 'samica', 3, 'o149'),
(953, 'seter angielski', 4, 'samiec', 4, 'o133'),
(954, 'chart hiszpański', 5, 'samica', 3, 'o130'),
(955, 'cocker spaniel amerykański', 2, 'samiec', 4, 'o120'),
(956, 'labrador retriever', 5, 'samica', 1, 'o062'),
(957, 'komondor', 1, 'samica', 3, 'o057'),
(958, 'dog kanaryjski', 2, 'samica', 2, 'o098'),
(959, 'owczarek szetlandzki', 4, 'samica', 3, 'o193'),
(960, 'terier czeski', 4, 'samica', 4, 'o038'),
(961, 'mops', 2, 'samica', 4, 'o148'),
(962, 'terier czeski', 1, 'samiec', 3, 'o053'),
(963, 'chart afgański', 4, 'samica', 1, 'o004'),
(964, 'buldog francuski', 3, 'samica', 3, 'o019'),
(965, 'jamnik krótkowłosy', 2, 'samica', 3, 'o141'),
(966, 'komondor', 3, 'samiec', 0, 'o113'),
(967, 'wyżeł węgierski krótkowłosy', 1, 'samiec', 0, 'o142'),
(968, 'foksterier szorstkowłosy', 2, 'samica', 3, 'o135'),
(969, 'pudel średni', 2, 'samica', 1, 'o137'),
(970, 'wyżeł węgierski krótkowłosy', 2, 'samiec', 0, 'o064'),
(971, 'jamnik krótkowłosy', 2, 'samica', 2, 'o123'),
(972, 'sznaucer olbrzym', 5, 'samiec', 1, 'o053'),
(973, 'seter szkocki', 1, 'samiec', 2, 'o138'),
(974, 'dalmatyńczyk', 4, 'samica', 4, 'o019'),
(975, 'chart hiszpański', 1, 'samiec', 2, 'o151'),
(976, 'owczarek szetlandzki', 5, 'samica', 2, 'o068'),
(977, 'chart szkocki', 2, 'samiec', 4, 'o195'),
(978, 'dog kanaryjski', 1, 'samiec', 0, 'o058'),
(979, 'owczarek kataloński', 3, 'samica', 1, 'o179');
INSERT INTO `psPsy` (`id_psa`, `rasa`, `wiek`, `plec`, `liczba zdobytych medali`, `id_osoby`) VALUES
(980, 'buldog francuski', 5, 'samiec', 0, 'o046'),
(981, 'seter irlandzki', 4, 'samiec', 1, 'o039'),
(982, 'terier australijski', 1, 'samica', 2, 'o169'),
(983, 'dalmatyńczyk', 5, 'samiec', 3, 'o026'),
(984, 'bulterier', 5, 'samiec', 0, 'o053'),
(985, 'wyżeł węgierski szorstkowłosy', 5, 'samica', 2, 'o186'),
(986, 'pekińczyk', 1, 'samica', 0, 'o051'),
(987, 'bosker', 1, 'samiec', 0, 'o043'),
(988, 'wyżeł węgierski krótkowłosy', 3, 'samica', 1, 'o155'),
(989, 'labrador retriever', 2, 'samiec', 4, 'o092'),
(990, 'owczarek szkocki długowłosy', 1, 'samiec', 3, 'o118'),
(991, 'rottweiler', 2, 'samica', 1, 'o038'),
(992, 'terier szkocki', 2, 'samica', 2, 'o053'),
(993, 'pudel średni', 5, 'samiec', 2, 'o185'),
(994, 'bernardyn długowłosy', 4, 'samiec', 0, 'o139'),
(995, 'mops', 1, 'samiec', 2, 'o023'),
(996, 'bulterier', 4, 'samica', 2, 'o116'),
(997, 'chart rosyjski', 5, 'samica', 4, 'o176'),
(998, 'doberman', 4, 'samiec', 1, 'o003'),
(999, 'bulterier', 3, 'samica', 1, 'o073'),
(1000, 'chart perski', 4, 'samiec', 0, 'o117');

-- --------------------------------------------------------

--
-- Struktura tabeli dla tabeli `TABLE 20`
--

CREATE TABLE IF NOT EXISTS `TABLE 20` (
  `Id_k` int(3) DEFAULT NULL,
  `Nazwisko` varchar(14) DEFAULT NULL,
  `Imie` varchar(11) DEFAULT NULL,
  `Wzrost` int(3) DEFAULT NULL,
  `Nazwa_sieci` varchar(7) DEFAULT NULL,
  `Wiek` int(2) DEFAULT NULL,
  `Symbol_woj` varchar(2) DEFAULT NULL
) ENGINE=MyISAM DEFAULT CHARSET=utf8;

--
-- Zrzut danych tabeli `TABLE 20`
--

INSERT INTO `TABLE 20` (`Id_k`, `Nazwisko`, `Imie`, `Wzrost`, `Nazwa_sieci`, `Wiek`, `Symbol_woj`) VALUES
(1, 'Adamczuk', 'Magdalena', 147, 'Hejka', 69, 'G '),
(2, 'Adamczyk', 'Urszula', 177, 'Citrone', 41, 'S '),
(3, 'Adamowicz', 'Jakub', 183, 'Multi', 34, 'T '),
(4, 'Anielska', 'Ewelina', 152, 'Erka', 34, 'N '),
(5, 'Antoniuk', 'Izabela', 172, 'Citrone', 36, 'P '),
(6, 'Arciszewski', 'Piotr', 165, 'Multi', 29, 'Z '),
(7, 'Awacka', 'Izabela', 183, 'Hejka', 58, 'W '),
(8, 'Babul', 'Julia', 143, 'Citrone', 33, 'O '),
(9, 'Barańczuk', 'Adam', 174, 'Hejka', 78, 'R '),
(10, 'Bartnik', 'Anna', 143, 'Citrone', 46, 'P '),
(11, 'Bartoszewicz', 'Michał', 183, 'Erka', 76, 'G '),
(12, 'Bielecki', 'Grzegorz', 165, 'Erka', 60, 'S '),
(13, 'Bielonko', 'Sylwia', 163, 'Citrone', 74, 'T '),
(14, 'Biendzio', 'Ernest', 153, 'Erka', 35, 'D '),
(15, 'Bieryło', 'Sylwia', 172, 'Hejka', 33, 'C '),
(16, 'Bobowik', 'Maria', 144, 'Hejka', 61, 'L '),
(17, 'Bobrowska', 'Karolina', 153, 'Erka', 63, 'F '),
(18, 'Bojanowska', 'Iwona', 142, 'Hejka', 46, 'E '),
(19, 'Borowska', 'Elżbieta', 183, 'Hejka', 79, 'K '),
(20, 'Borowska', 'Anna', 147, 'Hejka', 57, 'K '),
(21, 'Borowski', 'Adam', 153, 'Multi', 29, 'W '),
(22, 'Borsztejn', 'Marek', 190, 'Multi', 48, 'W '),
(23, 'Bruczko', 'Anna', 155, 'Citrone', 42, 'K '),
(24, 'Bruszewska', 'Izabela', 141, 'Citrone', 79, 'W '),
(25, 'Budnik', 'Katarzyna', 179, 'Citrone', 41, 'D '),
(26, 'Bujda', 'Małgorzata', 162, 'Hejka', 46, 'C '),
(27, 'Buraczewska', 'Marta', 155, 'Citrone', 69, 'L '),
(28, 'Busma', 'Sebastian', 179, 'Citrone', 61, 'F '),
(29, 'Choruży', 'Iwona', 142, 'Erka', 29, 'D '),
(30, 'Chudecki', 'Wiesław', 160, 'Multi', 75, 'N '),
(31, 'Chudy', 'Piotr', 179, 'Hejka', 46, 'C '),
(32, 'Ciereszko', 'Julia', 185, 'Erka', 43, 'P '),
(33, 'Cylwik', 'Magdalena', 151, 'Hejka', 71, 'Z '),
(34, 'Czajewska', 'Marta', 179, 'Erka', 67, 'G '),
(35, 'Czarnecka', 'Ewelina', 161, 'Multi', 35, 'S '),
(36, 'Czuż', 'Urszula', 162, 'Hejka', 64, 'G '),
(37, 'Danielski', 'Piotr', 162, 'Erka', 48, 'S '),
(38, 'Dąbrowska', 'Ewa', 165, 'Citrone', 36, 'G '),
(39, 'Deptuła', 'Paweł', 195, 'Hejka', 29, 'S '),
(40, 'Dojlidko', 'Anna', 156, 'Hejka', 58, 'G '),
(41, 'Dymnicka', 'Ewelina', 187, 'Citrone', 61, 'G '),
(42, 'Dzięgielewska', 'Barbara', 186, 'Multi', 79, 'G '),
(43, 'Falkowski', 'Tomasz', 157, 'Citrone', 42, 'C '),
(44, 'Fiedorowicz', 'Wojciech', 159, 'Hejka', 78, 'L '),
(45, 'Fiedoruk', 'Krzysztof', 143, 'Citrone', 60, 'F '),
(46, 'Fiedoruk', 'Grzegorz', 182, 'Multi', 69, 'D '),
(47, 'Frankowski', 'Adrian', 152, 'Multi', 60, 'Z '),
(48, 'Gabińska', 'Karolina', 179, 'Multi', 45, 'W '),
(49, 'Garncarz', 'Zbigniew', 153, 'Erka', 74, 'O '),
(50, 'Gawkowski', 'Piotr', 175, 'Hejka', 67, 'R '),
(51, 'Gąsowski', 'Łukasz', 185, 'Erka', 48, 'P '),
(52, 'Gilewska', 'Dorota', 190, 'Citrone', 32, 'G '),
(53, 'Glebowicz', 'Kamil', 181, 'Citrone', 41, 'S '),
(54, 'Głowacka', 'Kamila', 146, 'Multi', 72, 'T '),
(55, 'Gogiel', 'Adrian', 148, 'Citrone', 70, 'D '),
(56, 'Gołębiewski', 'Michał', 150, 'Hejka', 73, 'C '),
(57, 'Grądzki', 'Wacław', 160, 'Erka', 36, 'L '),
(58, 'Grochowski', 'Adam', 140, 'Citrone', 35, 'F '),
(59, 'Gruszewicz', 'Magdalena', 171, 'Multi', 42, 'E '),
(60, 'Grygolec', 'Marek', 163, 'Multi', 61, 'D '),
(61, 'Haas', 'Mateusz', 172, 'Hejka', 39, 'Z '),
(62, 'Hajduczenia', 'Katarzyna', 174, 'Hejka', 37, 'W '),
(63, 'Hościłowicz', 'Piotr', 185, 'Erka', 43, 'D '),
(64, 'Hryniewicz', 'Anna', 190, 'Erka', 65, 'Z '),
(65, 'Hrynkiewicz', 'Agnieszka', 173, 'Hejka', 30, 'W '),
(66, 'Instyński', 'Tomasz', 184, 'Multi', 40, 'D '),
(67, 'Iwaniuk', 'Anna', 161, 'Erka', 30, 'Z '),
(68, 'Iwaszczuk', 'Andrzej', 162, 'Hejka', 56, 'W '),
(69, 'Jakoniuk', 'Agnieszka', 162, 'Multi', 49, 'W '),
(70, 'Jakubowski', 'Łukasz', 175, 'Erka', 38, 'W '),
(71, 'Janasz', 'Michał', 145, 'Erka', 63, 'W '),
(72, 'Jankowska', 'Justyna', 185, 'Hejka', 64, 'W '),
(73, 'Jankowski', 'Marek', 186, 'Hejka', 43, 'W '),
(74, 'Jaromin', 'Jacek', 179, 'Erka', 34, 'D '),
(75, 'Jaros', 'Anna', 188, 'Hejka', 31, 'Z '),
(76, 'Jasiński', 'Marcin', 152, 'Erka', 51, 'W '),
(77, 'Jasiukiewicz', 'Elwira', 177, 'Multi', 29, 'D '),
(78, 'Jefimiuk', 'Krzysztof', 164, 'Erka', 49, 'Z '),
(79, 'Jeżewska', 'Magdalena', 187, 'Erka', 63, 'W '),
(80, 'Juchnicka', 'Emilia', 159, 'Multi', 62, 'D '),
(81, 'Jusiński', 'Michał', 178, 'Hejka', 60, 'Z '),
(82, 'Jusińska', 'Małgorzata', 145, 'Multi', 45, 'W '),
(83, 'Kaczor', 'Urszula', 147, 'Multi', 28, 'W '),
(84, 'Kalata', 'Tomasz', 187, 'Hejka', 36, 'W '),
(85, 'Kalinowski', 'Konrad', 172, 'Multi', 73, 'S '),
(86, 'Kamińska', 'Agnieszka', 158, 'Erka', 55, 'T '),
(87, 'Kanadys', 'Grzegorz', 175, 'Multi', 64, 'N '),
(88, 'Karolko', 'Bartosz', 166, 'Erka', 49, 'P '),
(89, 'Karpowicz', 'Marian', 186, 'Citrone', 48, 'Z '),
(90, 'Karwowska', 'Katarzyna', 186, 'Citrone', 72, 'W '),
(91, 'Kaziński', 'Konrad', 157, 'Erka', 49, 'O '),
(92, 'Kieda', 'Justyna', 142, 'Hejka', 43, 'R '),
(93, 'Kiełcz', 'Patrycja', 159, 'Erka', 76, 'P '),
(94, 'Kimsza', 'Marta', 154, 'Citrone', 74, 'G '),
(95, 'Kirejczyk', 'Ewelina', 160, 'Hejka', 40, 'S '),
(96, 'Kirmuć', 'Urszula', 159, 'Multi', 56, 'T '),
(97, 'Klimaszewska', 'Klara', 156, 'Citrone', 78, 'D '),
(98, 'Kobeszko', 'Maciej', 140, 'Multi', 43, 'C '),
(99, 'Kobeszko', 'Emilia', 159, 'Hejka', 55, 'L '),
(100, 'Kochańska', 'Barbara', 189, 'Citrone', 71, 'F '),
(101, 'Kochańska', 'Magdalena', 150, 'Citrone', 76, 'E '),
(102, 'Kołota ', 'Marta', 189, 'Hejka', 54, 'K '),
(103, 'Komar', 'Natalia', 148, 'Multi', 72, 'W '),
(104, 'Komenda', 'Małgorzata', 162, 'Citrone', 72, 'K '),
(105, 'Kopciewski', 'Magdalena', 189, 'Citrone', 49, 'W '),
(106, 'Korol', 'Maria', 178, 'Erka', 64, 'K '),
(107, 'Korolewski', 'Grzegorz', 181, 'Citrone', 31, 'W '),
(108, 'Korzunowicz', 'Piotr', 160, 'Hejka', 51, 'D '),
(109, 'Kowalewska', 'Marta', 184, 'Multi', 72, 'K '),
(110, 'Kowalewski', 'Adam', 180, 'Multi', 76, 'W '),
(111, 'Kozaczuk', 'Edyta', 145, 'Erka', 48, 'D '),
(112, 'Kozłowska', 'Izabela', 166, 'Multi', 39, 'K '),
(113, 'Kozłowska', 'Karolina', 160, 'Hejka', 77, 'W '),
(114, 'Kozłowski', 'Anatol', 148, 'Erka', 66, 'D '),
(115, 'Krasowska', 'Barbara', 154, 'Hejka', 32, 'C '),
(116, 'Krasowska', 'Monika', 153, 'Multi', 56, 'L '),
(117, 'Kraśnicki', 'Klaudia', 190, 'Citrone', 51, 'F '),
(118, 'Krętowska', 'Karolina', 190, 'Erka', 21, 'F '),
(119, 'Kruk', 'Agnieszka', 187, 'Hejka', 24, 'F '),
(120, 'Kruszyniewicz', 'Anna', 159, 'Multi', 23, 'C '),
(121, 'Krysiewicz', 'Marta', 189, 'Citrone', 25, 'L '),
(122, 'Kucikowicz', 'Joanna', 150, 'Multi', 27, 'P '),
(123, 'Kulesza', 'Joanna', 148, 'Erka', 31, 'P '),
(124, 'Kulikowski', 'Maciej', 162, 'Multi', 33, 'W '),
(125, 'Kułak', 'Łukasz', 189, 'Multi', 29, 'W '),
(126, 'Kułakowski', 'Iwona', 189, 'Hejka', 35, 'W '),
(127, 'Kurowski', 'Andrzej', 178, 'Erka', 37, 'W '),
(128, 'Kuryga', 'Anna', 181, 'Hejka', 39, 'F '),
(129, 'Lasota', 'Piotr', 160, 'Multi', 19, 'C '),
(130, 'Lenkiewicz', 'Ewa', 184, 'Citrone', 18, 'L '),
(131, 'Lewczuk', 'Bartosz', 180, 'Erka', 19, 'P '),
(132, 'Linowska', 'Maria', 148, 'Hejka', 20, 'W '),
(133, 'Łobaszewska', 'Ewa', 162, 'Multi', 21, 'D '),
(134, 'Łuksza', 'Agnieszka', 176, 'Citrone', 22, 'K '),
(135, 'Łuksza', 'Aleksandra', 153, 'Multi', 32, 'W '),
(136, 'Maćkowiak', 'Agnieszka', 155, 'Multi', 24, 'D '),
(137, 'Maj', 'Anna', 157, 'Erka', 25, 'K '),
(138, 'Makuszewski', 'Adam', 159, 'Multi', 26, 'D '),
(139, 'Malinowski', 'Anatol', 161, 'Hejka', 27, 'C '),
(140, 'Maliszewski', 'Dominik', 163, 'Erka', 19, 'L '),
(141, 'Maniuszko', 'Edyta', 165, 'Hejka', 25, 'F '),
(142, 'Markowska', 'Emilia', 167, 'Multi', 31, 'E '),
(143, 'Masłowski', 'Izydor', 169, 'Citrone', 37, 'K '),
(144, 'Mateńczuk', 'Joanna', 147, 'Erka', 43, 'W '),
(145, 'Matosik', 'Zuzanna', 177, 'Hejka', 49, 'O '),
(146, 'Matus', 'Magdalena', 183, 'Multi', 19, 'R '),
(147, 'Matys', 'Maria', 152, 'Citrone', 22, 'P '),
(148, 'Matysiuk', 'Monika', 172, 'Multi', 25, 'G '),
(149, 'Michałowski', 'Bartosz', 165, 'Multi', 28, 'S '),
(150, 'Michałowski', 'Łukasz', 183, 'Erka', 31, 'T '),
(151, 'Mieleszko', 'Aneta', 143, 'Multi', 34, 'N '),
(152, 'Mierzeja', 'Marta', 174, 'Hejka', 37, 'P '),
(153, 'Milewska', 'Magdalena', 143, 'Erka', 40, 'Z '),
(154, 'Miniuk', 'Maria', 183, 'Hejka', 43, 'P '),
(155, 'Misiaszek', 'Magdalena', 165, 'Multi', 46, 'Z '),
(156, 'Moniuszko', 'Kamil', 163, 'Citrone', 19, 'D '),
(157, 'Mozolewski', 'Krzysztof', 153, 'Erka', 25, 'C '),
(158, 'Mudź', 'Krzysztof', 172, 'Hejka', 31, 'L '),
(159, 'Murawska', 'Magdalena', 144, 'Multi', 37, 'F '),
(160, 'Myszkowski', 'Jakub', 153, 'Citrone', 43, 'E '),
(161, 'Naruniec', 'Eliza', 142, 'Multi', 49, 'K '),
(162, 'Nawrocka', 'Magdalena', 183, 'Multi', 29, 'W '),
(163, 'Nazaruk', 'Joanna', 153, 'Erka', 28, 'O '),
(164, 'Nowak', 'Elżbieta', 147, 'Multi', 26, 'R '),
(165, 'Odzijewicz', 'Agnieszka', 190, 'Hejka', 25, 'P '),
(166, 'Okruszko', 'Justyna', 155, 'Erka', 24, 'G '),
(167, 'Oksieniuk', 'Małgorzata', 141, 'Hejka', 23, 'S '),
(168, 'Ołdyńska', 'Marta', 179, 'Multi', 22, 'T '),
(169, 'Omelianiuk', 'Kamila', 162, 'Citrone', 43, 'P '),
(170, 'Ostrowska', 'Anna', 155, 'Erka', 42, 'P '),
(171, 'Ostrowski', 'Adam', 179, 'Hejka', 41, 'Z '),
(172, 'Panasiuk', 'Joanna', 142, 'Multi', 40, 'P '),
(173, 'Paszko', 'Marta', 179, 'Citrone', 39, 'Z '),
(174, 'Pawełko', 'Karol', 160, 'Multi', 36, 'D '),
(175, 'Pawluczuk', 'Rafał', 185, 'Multi', 35, 'C '),
(176, 'Pawłowski', 'Piotr', 151, 'Erka', 42, 'L '),
(177, 'Perkowska', 'Maria', 179, 'Multi', 61, 'F '),
(178, 'Petelska', 'Izabela', 161, 'Hejka', 28, 'E '),
(179, 'Picewicz', 'Tomasz', 162, 'Erka', 28, 'K '),
(180, 'Piotrowski', 'Łukasz', 162, 'Hejka', 27, 'W '),
(181, 'Piszczatowski', 'Kamil', 165, 'Multi', 26, 'O '),
(182, 'Pogorzelska', 'Krystyna', 175, 'Citrone', 29, 'R '),
(183, 'Pogorzelski', 'Krzysztof', 156, 'Erka', 31, 'P '),
(184, 'Pokoleńczuk', 'Jędrzej', 187, 'Hejka', 24, 'G '),
(185, 'Popko', 'Krzysztof', 186, 'Multi', 27, 'S '),
(186, 'Porębski', 'Wojciech', 157, 'Citrone', 28, 'T '),
(187, 'Porowski', 'Łukasz', 159, 'Multi', 27, 'W '),
(188, 'Predko', 'Kamil', 143, 'Multi', 26, 'P '),
(189, 'Prokop', 'Jakub', 182, 'Erka', 29, 'Z '),
(190, 'Prokopowicz', 'Adam', 152, 'Multi', 31, 'P '),
(191, 'Prus', 'Ewelina', 179, 'Hejka', 24, 'Z '),
(192, 'Prymak', 'Mirosław', 153, 'Erka', 27, 'D '),
(193, 'Przybytko', 'Paweł', 175, 'Hejka', 27, 'C '),
(194, 'Przytuła', 'Magdalena', 185, 'Multi', 26, 'L '),
(195, 'Puciłowski', 'Tomasz', 190, 'Citrone', 29, 'F '),
(196, 'Rafałowski', 'Dominik', 181, 'Erka', 31, 'E '),
(197, 'Reduta', 'Agnieszka', 146, 'Hejka', 24, 'K '),
(198, 'Romaniuk', 'Magdalena', 148, 'Multi', 27, 'W '),
(199, 'Roszko', 'Paweł', 150, 'Citrone', 28, 'O '),
(200, 'Roszkowski', 'Paweł', 160, 'Multi', 27, 'R '),
(201, 'Rowińska', 'Iwona', 140, 'Multi', 26, 'W '),
(202, 'Rulow', 'Maria', 171, 'Erka', 29, 'O '),
(203, 'Rutka', 'Edyta', 163, 'Multi', 31, 'R '),
(204, 'Rutkowski', 'Karol', 172, 'Hejka', 31, 'T '),
(205, 'Ruwnicka', 'Edyta', 174, 'Erka', 24, 'S '),
(206, 'Rybicki', 'Marcin', 185, 'Hejka', 27, 'S '),
(207, 'Rynkiewicz', 'Piotr', 190, 'Multi', 27, 'S '),
(208, 'Rysiak', 'Łukasz', 173, 'Citrone', 26, 'P '),
(209, 'Sachajko', 'Anna', 184, 'Erka', 29, 'G '),
(210, 'Sacharczuk', 'Agnieszka', 161, 'Hejka', 31, 'S '),
(211, 'Sarnucińska', 'Marzena', 162, 'Multi', 24, 'P '),
(212, 'Sawicki', 'Marcin', 162, 'Citrone', 27, 'P '),
(213, 'Sawoń', 'Anna', 175, 'Multi', 28, 'S '),
(214, 'Sędziak', 'Artur', 145, 'Multi', 27, 'S '),
(215, 'Siemieniak', 'Andrzej', 185, 'Erka', 26, 'Z '),
(216, 'Siemiończyk', 'Agnieszka', 186, 'Multi', 29, 'W '),
(217, 'Sienkiewicz', 'Rafał', 179, 'Hejka', 31, 'W '),
(218, 'Sienkiewicz', 'Anna', 188, 'Erka', 24, 'C '),
(219, 'Sienkiewicz', 'Wojciech', 152, 'Hejka', 27, 'L '),
(220, 'Sieńko', 'Kamila', 177, 'Multi', 28, 'F '),
(221, 'Siergiej', 'Maria', 164, 'Citrone', 42, 'F '),
(222, 'Skowrońska', 'Karolina', 187, 'Erka', 41, 'R '),
(223, 'Skumorski', 'Wojciech', 159, 'Hejka', 40, 'W '),
(224, 'Słomińska', 'Agnieszka', 178, 'Multi', 39, 'O '),
(225, 'Smorczewski', 'Jacek', 145, 'Citrone', 36, 'R '),
(226, 'Socha', 'Piotr', 147, 'Multi', 35, 'T '),
(227, 'Sokół', 'Anna', 187, 'Multi', 42, 'S '),
(228, 'Sołowiej', 'Natalia', 172, 'Erka', 61, 'S '),
(229, 'Sowa', 'Anna', 158, 'Multi', 28, 'N'),
(230, 'Spławska', 'Tomasz', 175, 'Hejka', 28, 'N'),
(231, 'Srebrna', 'Barbara', 170, 'Erka', 27, 'R '),
(232, 'Stasiewicz', 'Adam', 186, 'Hejka', 26, 'T '),
(233, 'Strychalski', 'Mariusz', 186, 'Multi', 29, 'C '),
(234, 'Suchocka', 'Julita', 157, 'Citrone', 31, 'E '),
(235, 'Sulewska', 'Anna', 142, 'Erka', 24, 'E '),
(236, 'Sural', 'Tomasz', 159, 'Hejka', 27, 'F '),
(237, 'Szafara', 'Tadeusz', 154, 'Multi', 28, 'G '),
(238, 'Szekalski', 'Wojciech', 160, 'Citrone', 27, 'P '),
(239, 'Szeszko', 'Grażyna', 159, 'Multi', 26, 'S '),
(240, 'Szubin', 'Kamila', 156, 'Multi', 29, 'W '),
(241, 'Szulimowska', 'Anna', 140, 'Erka', 31, 'D '),
(242, 'Szyfman', 'Bartosz', 159, 'Multi', 24, 'W '),
(243, 'Szymczukiewicz', 'Eliza', 189, 'Hejka', 27, 'D '),
(244, 'Święcicka', 'Marta', 150, 'Erka', 29, 'P '),
(245, 'Topczewski', 'Piotr', 189, 'Hejka', 31, 'D '),
(246, 'Trams', 'Jacek', 148, 'Multi', 24, 'D '),
(247, 'Trombaczyk', 'Dorota', 162, 'Citrone', 27, 'D '),
(248, 'Ucińska', 'Aleksandra', 189, 'Erka', 28, 'D '),
(249, 'Ugolik', 'Katarzyna', 178, 'Hejka', 27, 'T '),
(250, 'Wachowiec', 'Monika', 181, 'Multi', 26, 'S '),
(251, 'Walińska', 'Agnieszka', 160, 'Citrone', 29, 'S '),
(252, 'Wałkuski', 'Bartłomiej', 184, 'Multi', 31, 'N'),
(253, 'Werpachowska', 'Barbara', 180, 'Multi', 24, 'N'),
(254, 'Wierciński', 'Marek', 145, 'Erka', 27, 'R '),
(255, 'Wieremiejuk', 'Sylwia', 166, 'Multi', 26, 'T '),
(256, 'Wierzbicka', 'Ewa', 160, 'Hejka', 29, 'C '),
(257, 'Wierzchowski', 'Paweł', 148, 'Erka', 31, 'E '),
(258, 'Wilczyńska', 'Ewa', 154, 'Hejka', 24, 'E '),
(259, 'Wilczyński', 'Mariusz', 153, 'Multi', 27, 'F '),
(260, 'Wincewicz', 'Michał', 190, 'Citrone', 28, 'G '),
(261, 'Wiodowski', 'Stanisław', 190, 'Erka', 27, 'P '),
(262, 'Wiśniewska', 'Agnieszka', 187, 'Hejka', 26, 'S '),
(263, 'Witczyński', 'Mateusz', 159, 'Multi', 29, 'W '),
(264, 'Wnorowska', 'Joanna', 189, 'Citrone', 31, 'D '),
(265, 'Wołoszyn', 'Jarosław', 150, 'Multi', 24, 'W '),
(266, 'Wróblewski', 'Mikołaj', 189, 'Multi', 27, 'D '),
(267, 'Wysocka', 'Anna', 148, 'Erka', 29, 'P '),
(268, 'Zanecka', 'Ewa', 162, 'Multi', 31, 'P '),
(269, 'Zawada', 'Magdalena', 189, 'Hejka', 24, 'P '),
(270, 'Zawadzki', 'Mateusz', 178, 'Erka', 27, 'G '),
(271, 'Zimnoch', 'Aneta', 181, 'Hejka', 28, 'R '),
(272, 'Żakiewicz', 'Joanna', 184, 'Citrone', 26, 'K '),
(273, 'Żarniewski', 'Maciej', 177, 'Multi', 24, 'P '),
(274, 'Żemojda', 'Krystyna', 161, 'Citrone', 24, 'P '),
(275, 'Żeszczyńska', 'Wanda', 151, 'Erka', 23, 'F '),
(276, 'Żmijewski', 'Sebastian', 160, 'Multi', 27, 'R '),
(277, 'Żukowska', 'Grażyna', 155, 'Hejka', 32, 'E '),
(278, 'Żukowska', 'Aniela', 152, 'Citrone', 50, 'D '),
(279, 'Żukowska', 'Magdalena', 166, 'Erka', 44, 'K '),
(280, 'Żukowski', 'Grzegorz', 177, 'Multi', 41, 'O ');

-- --------------------------------------------------------

--
-- Struktura tabeli dla tabeli `test`
--

CREATE TABLE IF NOT EXISTS `test` (
  `ts_id` int(11) NOT NULL AUTO_INCREMENT,
  `ts_imie` varchar(20) CHARACTER SET utf8 COLLATE utf8_bin NOT NULL,
  `ts_operator` tinyint(4) NOT NULL,
  `ts_ile` tinyint(4) NOT NULL,
  `ts_ip` varchar(15) COLLATE utf8_polish_ci NOT NULL,
  `ts_data` date NOT NULL,
  PRIMARY KEY (`ts_id`)
) ENGINE=InnoDB  DEFAULT CHARSET=utf8 COLLATE=utf8_polish_ci AUTO_INCREMENT=5 ;

--
-- Zrzut danych tabeli `test`
--

INSERT INTO `test` (`ts_id`, `ts_imie`, `ts_operator`, `ts_ile`, `ts_ip`, `ts_data`) VALUES
(1, 'Krzyzstof', 0, 5, '127.0.0.1', '2016-10-03'),
(2, 'F4ilur3', 0, 5, '127.0.0.1', '2016-10-03'),
(3, 'F4il3rul', 0, 1, '10.10.10.10', '2016-12-03'),
(4, 'radzio', 7, 5, '12.13.14.15', '2016-10-03');

-- --------------------------------------------------------

--
-- Struktura tabeli dla tabeli `ua_users`
--

CREATE TABLE IF NOT EXISTS `ua_users` (
  `usrID` int(11) NOT NULL AUTO_INCREMENT,
  `usrLogin` varchar(20) CHARACTER SET utf8 COLLATE utf8_bin NOT NULL,
  `usrPass` varchar(50) CHARACTER SET utf8 COLLATE utf8_bin NOT NULL,
  `usrEmail` varchar(50) CHARACTER SET utf8 COLLATE utf8_bin NOT NULL,
  `usrName` varchar(50) CHARACTER SET utf8 COLLATE utf8_bin NOT NULL,
  `usrAcces` tinyint(4) NOT NULL,
  `usrAblock` tinyint(1) NOT NULL,
  PRIMARY KEY (`usrID`)
) ENGINE=InnoDB  DEFAULT CHARSET=utf8 COLLATE=utf8_polish_ci AUTO_INCREMENT=5 ;

--
-- Zrzut danych tabeli `ua_users`
--

INSERT INTO `ua_users` (`usrID`, `usrLogin`, `usrPass`, `usrEmail`, `usrName`, `usrAcces`, `usrAblock`) VALUES
(1, 'admin', 'admin', 'kukizk+maksik@gmail.com', 'admin', 1, 0),
(2, 'kkukiz', '123', 'kukizk+maksik@gmail.com', 'Qkiz', 2, 0),
(3, 'kruk132', '132', 'kukizk+maksik@gmail.com', 'f4ilur3', 3, 0),
(4, 'kappa', '123', 'kukizk+maksik@gmail.com', 'K4pp4', 3, 1);

-- --------------------------------------------------------

--
-- Struktura widoku `IT_pytania_view`
--
DROP TABLE IF EXISTS `IT_pytania_view`;

CREATE ALGORITHM=UNDEFINED DEFINER=`d14_5cc698`@`localhost` SQL SECURITY DEFINER VIEW `IT_pytania_view` AS select `test`.`ITpytania`.`id` AS `id`,`test`.`ITpytania`.`tresc` AS `tresc`,`test`.`ITpytania`.`odpa` AS `odpa`,`test`.`ITpytania`.`odpb` AS `odpb`,`test`.`ITpytania`.`odpc` AS `odpc`,`test`.`ITpytania`.`odpd` AS `odpd`,`test`.`ITpytania`.`answer` AS `answer`,`test`.`ITpytania`.`obraz` AS `obraz`,`test`.`ITpytania`.`kategoria` AS `kategoria`,`test`.`ITpytania`.`rok` AS `rok` from `test`.`ITpytania`;

-- --------------------------------------------------------

--
-- Struktura widoku `komis`
--
DROP TABLE IF EXISTS `komis`;

CREATE ALGORITHM=UNDEFINED DEFINER=`d14_5cc698`@`localhost` SQL SECURITY DEFINER VIEW `komis` AS select `test`.`autoKomis`.`ids` AS `ids`,`test`.`autoKomis`.`marka` AS `marka`,`test`.`autoKomis`.`model` AS `model`,`test`.`autoKomis`.`rocznik` AS `rocznik`,`test`.`autoKomis`.`typ` AS `typ`,`test`.`autoKomis`.`drzwi` AS `drzwi`,`test`.`autoKomis`.`silnik` AS `silnik`,`test`.`autoKomis`.`pojemnosc` AS `pojemnosc`,`test`.`autoKomis`.`przebieg` AS `przebieg`,`test`.`autoKomis`.`cenas` AS `cenas` from `test`.`autoKomis` where (`test`.`autoKomis`.`silnik` = 'B');

/*!40101 SET CHARACTER_SET_CLIENT=@OLD_CHARACTER_SET_CLIENT */;
/*!40101 SET CHARACTER_SET_RESULTS=@OLD_CHARACTER_SET_RESULTS */;
/*!40101 SET COLLATION_CONNECTION=@OLD_COLLATION_CONNECTION */;
